ID,Специальность,Код,Наименование,Категория,Код_тарификатора,Синонимы
1,Акушер-гинеколог,1.0,Прием акушер-гинеколога,приём врача,A02.004.000,
2,Акушер-гинеколог,2.0,Ведение беременности,приём врача,D99.999.203,
3,Акушер-гинеколог,3.0,3D УЗИ плода,диагностика,C03.033.004,УЗИ; ультразвуковое исследование
4,Акушер-гинеколог,4.0,4D УЗИ плода,диагностика,C03.033.004,УЗИ; ультразвуковое исследование
5,Акушер-гинеколог,5.0,Доплер УЗИ плода,диагностика,C03.001.003,УЗИ; ультразвуковое исследование
6,Акушер-гинеколог,6.0,Кардиотокография (КТГ),процедура,C02.017.000,КТГ; Кардиотокография; кардиотокография
7,Акушер-гинеколог,8.0,Забор гинекологического мазка,процедура,D91.496.106,
8,Аллерголог,9.0,Прием аллерголога,приём врача,A02.120.000,
9,Аллерголог,10.0,Аллергопробы,процедура,D99.121.801,
10,Аллерголог,11.0,АСИТ-терапия,процедура,D99.125.805,
11,Андролог,12.0,Прием андролога,приём врача,A02.027.000,
12,Андролог,13.0,Биопсия простаты,процедура,C01.027.001,
13,Андролог,14.0,Массаж простаты,процедура,D99.940.603,
14,Андролог,15.0,Пластика уздечки,процедура,D64.991.608,
15,Андролог,16.0,Инстилляция уретры,процедура,D96.492.606,
16,Андролог,17.0,Инстилляция мочевого пузыря,процедура,D99.999.699,
17,Анестезиолог,18.0,Прием анестезиолога,приём врача,A02.043.000,
18,Аритмолог,19.0,Прием аритмолога,приём врача,A02.097.000,
19,Венеролог,20.0,Прием венеролога,приём врача,A02.029.000,
20,Вертебролог,21.0,Прием вертебролога,приём врача,A02.032.000,
21,Гастроэнтеролог,22.0,Прием гастроэнтеролога,приём врача,A02.022.000,
22,Гастроэнтеролог,23.0,Дуоденальное зондирование,процедура,D45.161.016,
23,Гастроэнтеролог,24.0,Тюбаж,процедура,D45.161.016,
24,Гастроэнтеролог,25.0,Уреазный дыхательный тест,процедура,C01.999.001,
25,Гастроэнтеролог,26.0,ФГДС,процедура,C01.001.001,
26,Гастроэнтеролог,27.0,ФГДС с седацией,процедура,C01.001.001,
27,Гастроэнтеролог,28.0,Колоноскопия,диагностика,C01.016.001,
28,Гематолог,29.0,Прием гематолога,приём врача,A02.024.000,
29,Генетик,30.0,Прием генетика,приём врача,A02.053.000,
30,Гепатолог,31.0,Прием гепатолога,приём врача,A02.022.007,
31,Гепатолог,32.0,Фибросканирование печени,процедура,C03.058.004,
32,Гепатолог,33.0,Эластография печени,процедура,C03.048.004,
33,Гинеколог,34.0,Прием гинеколога,приём врача,A02.004.000,
34,Гинеколог,35.0,Биопсия вульвы,процедура,D99.999.197,
35,Гинеколог,36.0,Биопсия шейки матки,процедура,D67.110.126,
36,Гинеколог,37.0,Видеокольпоскопия,процедура,C01.034.001,
37,Гинеколог,38.0,Гименопластика,процедура,D70.204.117,
38,Гинеколог,39.0,Вскрытие абсцесса бартолиновой железы,процедура,D71.250.124,
39,Гинеколог,40.0,Выскабливание,процедура,D69.090.129,
40,Гинеколог,41.0,Гистеросальпингография,процедура,C03.067.005,
41,Гинеколог,42.0,Гистероскопия,процедура,D68.120.131,
42,Гинеколог,43.0,Кольпоскопия,процедура,D70.210.117,
43,Гинеколог,44.0,Кольпорафия,процедура,D99.999.200,
44,Гинеколог,45.0,Медикаментозный аборт,процедура,D99.999.202,
45,Гинеколог,46.0,Ваккум аборт,процедура,D99.999.201,
46,Гинеколог,47.0,Планирование беременности,процедура,A02.004.005,
47,Гинеколог,48.0,Прижигание эрозии шейки матки,процедура,D67.320.125,
48,Гинеколог,49.0,Рассечение синехий,процедура,D68.211.123,
49,Гинеколог,50.0,Удаление внутриматочной спирали,процедура,D69.700.101,
50,Гинеколог,51.0,Удаление папиллом,процедура,D99.999.059,
51,Гинеколог,52.0,Удаление кондилом,процедура,D99.999.059,
52,Гинеколог,53.0,Установка ВМС,процедура,D69.700.101,
53,Гинеколог-эндокринолог,54.0,Прием гинеколога-эндокринолога,приём врача,A02.104.000,
54,Геронтолог,55.0,Прием геронтолога,приём врача,A02.028.000,
55,Дерматовенеролог,56.0,Прием дерматовенеролога,приём врача,A02.029.000,
56,Дерматовенеролог,57.0,Удаление бородавок,процедура,D99.999.059,
57,Дерматовенеролог,58.0,Удаление кератомы,процедура,D99.999.059,
58,Дерматовенеролог,59.0,Удаление родинок,процедура,D99.999.059,
59,Дерматовенеролог,60.0,Дерматоскопия,процедура,D99.999.204,
60,Дерматовенеролог,61.0,Трихоскопия,процедура,D99.999.205,
61,Дерматолог,62.0,Прием дерматолога,приём врача,A02.129.000,
62,Диетолог,63.0,Прием диетолога,приём врача,A02.073.000,
63,Иммунолог,64.0,Прием иммунолога,приём врача,A02.030.000,
64,Инструктор ЛФК,65.0,Прием инструктора ЛФК,приём врача,D02.994.004,
65,Интегративный врач,66.0,Прием интегративного врача,приём врача,A02.070.000,
66,Инфекционист,67.0,Прием инфекциониста,приём врача,A02.019.000,
67,Кардиолог,68.0,Прием кардиолога,приём врача,A02.015.000,
68,Кардиолог,69.0,ЭКГ,диагностика,C02.001.000,ЭКГ; экг с расшифровкой; электрокардиография
69,Кардиолог,70.0,Суточное мониторирование АД (СМАД),процедура,C02.009.000,СМАД; Суточное мониторирование АД
70,Кардиолог,71.0,Суточное мониторирование ЭКГ,диагностика,C02.008.000,ЭКГ; экг с расшифровкой; электрокардиография
71,Кардиолог,72.0,УЗИ сердца (эхокардиография),диагностика,C02.012.000,УЗИ; УЗИ сердца; ЭхоКГ; ультразвуковое исследование; эхо сердца; эхокардиография
72,Кинезиотерапевт,74.0,Прием кинезиотерапевта,приём врача,A02.069.000,
73,Комбустиолог,75.0,Прием комбустиолога,приём врача,A02.101.000,
74,Логопед,76.0,Прием логопеда,приём врача,A02.071.000,
75,ЛОР (отоларинголог),77.0,Прием ЛОР,приём врача,A02.014.000,
76,ЛОР (отоларинголог),78.0,Аудиометрия,процедура,D95.410.225,
77,ЛОР (отоларинголог),79.0,Вскрытие паратонзиллярного абсцесса,процедура,D86.229.218,
78,ЛОР (отоларинголог),80.0,Катетеризация слуховой трубы,процедура,D20.091.217,
79,ЛОР (отоларинголог),81.0,Ларингоскопия,процедура,C01.033.001,
80,ЛОР (отоларинголог),82.0,Мазок из зева и носа,лаборатория,D91.911.013,
81,ЛОР (отоларинголог),83.0,Отоскопия,процедура,D99.999.284,
82,ЛОР (отоларинголог),84.0,Пневмомассаж барабанной перепонки,процедура,D95.431.214,
83,ЛОР (отоларинголог),85.0,Прижигание носовых раковин,процедура,D22.023.202,
84,ЛОР (отоларинголог),86.0,Промывание миндалин,процедура,D20.940.217,
85,ЛОР (отоларинголог),87.0,Промывание носа,процедура,D99.999.294,
86,ЛОР (отоларинголог),88.0,Промывание ушей,процедура,D20.940.216,
87,ЛОР (отоларинголог),89.0,Тимпанометрия (импедансометрия),процедура,D95.470.226,Тимпанометрия; импедансометрия
88,ЛОР (отоларинголог),90.0,Удаление инородного тела из глотки,процедура,D98.130.205,
89,ЛОР (отоларинголог),91.0,Удаление инородного тела из носа,процедура,D98.120.204,
90,ЛОР (отоларинголог),92.0,Удаление инородного тела из уха,процедура,D99.999.288,
91,ЛОР (отоларинголог),93.0,Эндоскопия горла,диагностика,D99.999.284,
92,ЛОР (отоларинголог),94.0,Эндоскопия уха,диагностика,D99.999.284,
93,Маммолог,95.0,Прием маммолога,приём врача,A02.052.000,
94,Маммолог,96.0,Биопсия молочной железы,процедура,D88.790.001,
95,Маммолог,97.0,Трепанобиопсия молочной железы,процедура,D99.999.099,
96,Маммолог,98.0,Эластография молочных желез,процедура,C03.047.004,
97,Мануальный терапевт,99.0,Прием мануального терапевта,приём врача,D02.993.004,
98,Мануальный терапевт,100.0,Вытяжение позвоночника,приём врача,D02.993.004,
99,Мануальный терапевт,101.0,Мануальный массаж,приём врача,D02.993.004,
100,Медсестра,102.0,Прием медсестры,приём врача,A01.010.000,
101,Медсестра,103.0,Уколы,процедура,D99.590.022,
102,Медсестра,104.0,Капельница,процедура,D99.590.023,
103,Медсестра,1193.0,Забор крови,лаборатория,D99.293.012,
104,Невропатолог (невролог),105.0,Прием невропатолога,приём врача,A02.018.000,
105,Невропатолог (невролог),106.0,Электроэнцефалография ЭЭГ,диагностика,C02.020.000,
106,Невропатолог (невролог),107.0,ЭНМГ,процедура,C02.032.000,
107,Нейрохирург,108.0,Прием нейрохирурга,приём врача,A02.033.000,
108,Нефролог,109.0,Прием нефролога,приём врача,A02.025.000,
109,Нутрициолог,110.0,Прием нутрициолога,приём врача,A02.073.000,
110,Окулист (офтальмолог),111.0,Прием окулиста,приём врача,A02.023.000,
111,Окулист (офтальмолог),112.0,Авторефрактометрия,процедура,D95.027.324,
112,Окулист (офтальмолог),113.0,Биомикроскопия глаза,процедура,D95.020.308,
113,Окулист (офтальмолог),114.0,Зондирование слезно-носового канала,процедура,D09.420.368,
114,Окулист (офтальмолог),115.0,Кератотопография,процедура,D95.170.327,
115,Окулист (офтальмолог),116.0,Лазерная коагуляция сетчатки глаза,процедура,D14.240.383,
116,Окулист (офтальмолог),117.0,ОКТ (оптическая когерентная томография),диагностика,D95.252.340,ОКТ
117,Окулист (офтальмолог),118.0,Офтальмоскопия,процедура,D16.210.302,
118,Окулист (офтальмолог),119.0,Парабульбарная инъекция,процедура,D99.590.998,
119,Окулист (офтальмолог),120.0,Периметрия глаза,процедура,D95.050.309,
120,Окулист (офтальмолог),121.0,Подбор контактных линз,процедура,D95.010.999,
121,Окулист (офтальмолог),122.0,Подбор очков,процедура,D95.010.329,
122,Окулист (офтальмолог),123.0,Скиаскопия,процедура,D12.240.310,
123,Окулист (офтальмолог),124.0,Тонометрия глаза,процедура,D89.113.338,
124,Окулист (офтальмолог),125.0,Удаление халязиона,процедура,D86.098.401,
125,Окулист (офтальмолог),126.0,Циклоскопия,процедура,D16.211.323,
126,Онкогинеколог,127.0,Прием онкогинеколога,приём врача,A02.041.000,
127,Онкодерматолог,128.0,Прием онкодерматолога,приём врача,A02.039.000,
128,Онколог,129.0,Прием онколога,приём врача,A02.039.000,
129,Онколог-химиотерапевт,130.0,Прием химиотерапевта,приём врача,A02.039.002,
130,Онкомаммолог,131.0,Прием онкомаммолога,приём врача,A02.052.007,
131,Онкоуролог,132.0,Прием онкоуролога,приём врача,A02.039.000,
132,Онкохирург,133.0,Прием онкохирурга,приём врача,A02.040.000,
133,Остеопат,134.0,Прием остеопата,приём врача,A02.070.000,
134,Отоневролог,135.0,Прием отоневролога,приём врача,A02.018.000,
135,Паразитолог,136.0,Прием паразитолога,приём врача,A02.019.000,
136,Педиатр,137.0,Прием педиатра,приём врача,A02.002.000,
137,Педиатр,7.0,Консультация по грудному вскармливанию,приём врача,A02.002.000,
138,Нарколог,138.0,Прием нарколога,приём врача,A02.048.000,
139,Неонатолог,139.0,Прием неонатолога,приём врача,A02.051.000,
140,Кардиохирург,73.0,Прием кардиохирурга,приём врача,A02.034.000,
141,Пластический хирург,140.0,Прием пластического хирурга,приём врача,A02.113.000,
142,Пластический хирург,141.0,Блефаропластика,приём врача,D02.094.002,
143,Пластический хирург,142.0,Височный лифтинг,приём врача,D99.999.206,
144,Пластический хирург,143.0,Коррекция мочки уха,приём врача,D99.999.207,
145,Пластический хирург,144.0,Липосакция,приём врача,D99.999.208,
146,Пластический хирург,145.0,Маммопластика,приём врача,D99.999.209,
147,Пластический хирург,146.0,Отопластика,приём врача,D99.999.210,
148,Пластический хирург,147.0,Ринопластика,приём врача,D99.999.211,
149,Подолог,148.0,Прием подолога,приём врача,A02.999.001,
150,Подолог,149.0,Лечение вросшего ногтя,процедура,D86.271.407,
151,Подолог,150.0,Медицинский маникюр,процедура,D99.999.212,
152,Подолог,151.0,Медицинский педикюр,процедура,D99.999.213,
153,Подолог,152.0,Удаление вросшего ногтя,процедура,D86.271.407,
154,Подолог,153.0,Удаление мозолей,процедура,D86.227.406,
155,Подолог,154.0,Удаление натоптышей,процедура,D86.227.406,
156,Проктолог,155.0,Прием проктолога,приём врача,A02.042.000,
157,Проктолог,156.0,Аноскопия,процедура,C01.017.001,
158,Проктолог,157.0,Геморроидэктомия,процедура,D48.811.999,
159,Проктолог,158.0,Иссечение анальной трещины,процедура,D49.040.432,
160,Проктолог,159.0,Иссечение параректального свища,процедура,D48.811.410,
161,Проктолог,160.0,Колоноскопия под наркозом,диагностика,C01.016.001,
162,Проктолог,161.0,Лечение геморроя без операции,процедура,A02.042.000,
163,Проктолог,162.0,Лечение эпителиального копчикового хода (ЭКХ),процедура,D86.210.433,Лечение эпителиального копчикового хода; ЭКХ
164,Проктолог,163.0,Ректоскопия,процедура,C01.018.001,
165,Профпатолог,164.0,Прием профпатолога,приём врача,A02.047.000,
166,Психиатр,165.0,Прием психиатра,приём врача,A02.046.000,
167,Психолог,166.0,Прием психолога,приём врача,A01.005.000,
168,Психотерапевт,167.0,Прием психотерапевта,приём врача,A02.045.000,
169,Пульмонолог,168.0,Прием пульмонолога,приём врача,A02.016.000,
170,Пульмонолог,169.0,Бронхоскопия,процедура,C01.010.001,
171,Пульмонолог,170.0,Дренажный массаж,процедура,D02.005.007,
172,Пульмонолог,171.0,Ингаляционная терапия,процедура,D02.010.005,
173,Пульмонолог,172.0,Плевральная пункция,процедура,D00.000.010,
174,Пульмонолог,173.0,Спирография,диагностика,C02.033.000,
175,Реабилитолог,174.0,Прием реабилитолога,приём врача,A02.050.000,
176,Ревматолог,175.0,Прием ревматолога,приём врача,A02.017.000,
177,Репродуктолог,176.0,Прием репродуктолога,приём врача,A02.080.000,
178,Рефлексотерапевт,177.0,Прием рефлексотерапевта,приём врача,A02.066.000,
179,Рефлексотерапевт,178.0,Иглотерапия,процедура,D02.001.006,
180,Рефлексотерапевт,179.0,Су-Джок,процедура,D02.003.006,
181,Сексолог,180.0,Прием сексолога,приём врача,A02.031.000,
182,Сексопатолог,181.0,Прием сексопатолога,приём врача,A02.031.000,
183,Сомнолог,182.0,Прием сомнолога,приём врача,A02.132.000,
184,Ангиохирург (Сосудистый хирург),183.0,Прием ангиохирурга,приём врача,A02.035.000,
185,Ангиохирург (Сосудистый хирург),184.0,Капилляроскопия,приём врача,D99.999.214,
186,Ангиохирург (Сосудистый хирург),185.0,Склеротерапия,приём врача,D99.999.215,
187,Ангиохирург (Сосудистый хирург),186.0,УЗИ артерий верхних конечностей,диагностика,C03.011.003,УЗИ; ультразвуковое исследование
188,Ангиохирург (Сосудистый хирург),187.0,УЗИ артерий нижних конечностей,диагностика,C03.012.003,УЗИ; ультразвуковое исследование
189,Ангиохирург (Сосудистый хирург),188.0,УЗИ вен верхних конечностей,диагностика,C03.014.003,УЗИ; ультразвуковое исследование
190,Ангиохирург (Сосудистый хирург),189.0,УЗИ вен нижних конечностей,диагностика,C03.013.003,УЗИ; ультразвуковое исследование
191,Спортивный врач,190.0,Прием спортивного врача,приём врача,A02.069.000,
192,Стоматолог,191.0,Прием стоматолога,приём врача,A02.055.000,
193,Стоматолог,192.0,3D снимок зубов,процедура,C03.052.005,
194,Стоматолог,193.0,Имплантация зубов,процедура,D03.046.002,
195,Стоматолог,194.0,Лечение десен,процедура,D99.999.216,
196,Стоматолог,195.0,Лечение кариеса,процедура,D03.056.001,
197,Стоматолог,196.0,Лечение пульпита,процедура,D03.053.001,
198,Стоматолог,197.0,Лечение периодонтита,процедура,D03.054.001,
199,Стоматолог,198.0,Циркониевая коронка,процедура,D99.999.217,
200,Стоматолог,199.0,Металлокерамическая коронка,процедура,D99.999.218,
201,Стоматолог,200.0,Пластиковая коронка,процедура,D99.999.219,
202,Стоматолог,201.0,Протезирование зубов,процедура,D99.999.220,
203,Стоматолог,202.0,Брекеты,процедура,D99.999.221,
204,Стоматолог,203.0,Ретейнеры,процедура,D99.999.222,
205,Стоматолог,204.0,Чистка зубов,процедура,D03.066.008,
206,Стоматолог,205.0,Удаление зуба,процедура,D03.001.002,
207,Стоматолог,206.0,Виниры,процедура,D99.999.223,
208,Стоматолог-гнатолог,207.0,Прием стоматолога-гнатолога,приём врача,A02.058.000,
209,Стоматолог-имплантолог,208.0,Прием стоматолога-имплантолога,приём врача,A02.058.000,
210,Стоматолог-ортодонт,209.0,Прием стоматолога-ортодонта,приём врача,A02.058.000,
211,Стоматолог-ортопед,210.0,Прием стоматолога-ортопеда,приём врача,A02.057.000,
212,Стоматолог-парадонтолог,211.0,Прием стоматолога-парадонтолога,приём врача,A02.055.000,
213,Стоматолог-терапевт,212.0,Прием стоматолога-терапевта,приём врача,A02.055.000,
214,Стоматолог-хирург,213.0,Прием стоматолога-хирурга,приём врача,A02.056.000,
215,Сурдолог,214.0,Прием сурдолога,приём врача,A02.072.000,
216,Терапевт,215.0,Прием терапевта,приём врача,A02.001.000,
217,Торакальный хирург,216.0,Прием торакального хирурга,приём врача,A02.036.000,
218,Травматолог-ортопед,217.0,Прием травматолога-ортопеда,приём врача,A02.032.000,
219,Травматолог-ортопед,218.0,Пункция сустава,процедура,D81.910.412,
220,Травматолог-ортопед,219.0,Внутрисуставная инъекция,процедура,D83.960.505,
221,Травматолог-ортопед,220.0,Репозиция костей,процедура,D79.790.506,
222,Травматолог-ортопед,221.0,Наложение гипса,процедура,D93.541.502,
223,Травматолог-ортопед,222.0,Снятие гипса,процедура,D97.881.503,
224,Уролог,223.0,Прием уролога,приём врача,A02.026.000,
225,Уролог,224.0,Блокада семенного канатика,процедура,,
226,Уролог,225.0,Бужирование уретры,процедура,,
227,Уролог,226.0,Катетеризация мочевого пузыря,процедура,D00.000.011,
228,Уролог,227.0,Мазок из уретры,лаборатория,,
229,Уролог,228.0,Обрезание (циркумцизия),процедура,D64.001.619,Обрезание; циркумцизия
230,Уролог,229.0,Уретроскопия,процедура,C01.022.002,
231,Уролог,230.0,Урофлоуметрия,процедура,D89.240.605,
232,Уролог,231.0,Цистоскопия,процедура,C01.022.002,
233,Уролог,232.0,Эпицистостомия,процедура,,
234,Физиотерапевт,233.0,Прием физиотерапевта,приём врача,A02.063.000,
235,Физиотерапевт,234.0,Внутривенное лазерное облучение крови (ВЛОК),лаборатория,D02.008.002,ВЛОК; Внутривенное лазерное облучение крови
236,Физиотерапевт,235.0,Гальванизация,процедура,D02.001.001,
237,Физиотерапевт,236.0,Кинезиотерапия,процедура,D02.003.008,
238,Физиотерапевт,237.0,Карбокситерапия,процедура,,
239,Физиотерапевт,238.0,Лазерная терапия,процедура,D02.004.002,
240,Физиотерапевт,239.0,Магнитотерапия,процедура,D02.023.001,
241,Физиотерапевт,240.0,Парафинотерапия,процедура,D02.001.005,
242,Физиотерапевт,241.0,Ударно-волновая терапия,процедура,D02.023.001,
243,Физиотерапевт,242.0,Ультразвуковая терапия,процедура,D02.017.006,УЗИ; ультразвуковое исследование
244,Физиотерапевт,243.0,Фонофорез,процедура,D02.017.006,
245,Физиотерапевт,244.0,Электромиостимуляция,процедура,D02.013.001,
246,Физиотерапевт,245.0,Электросонтерапия,процедура,D02.027.001,
247,Физиотерапевт,246.0,Электростимуляция,процедура,D02.991.001,
248,Физиотерапевт,247.0,Электрофорез,процедура,D02.002.001,
249,Физиотерапевт,248.0,Водолечение,процедура,D02.003.004,
250,Хирург,249.0,Прием хирурга,приём врача,A02.013.000,
251,Хирург,250.0,Вскрытие абсцесса,приём врача,D86.999.492,
252,Хирург,251.0,Вскрытие гематомы,приём врача,D86.999.492,
253,Хирург,252.0,Вскрытие гидраденита,приём врача,D86.999.492,
254,Хирург,253.0,Вскрытие карбункула,приём врача,D86.999.492,
255,Хирург,254.0,Вскрытие мастита,приём врача,D86.999.492,
256,Хирург,255.0,Вскрытие панариция,приём врача,D86.272.408,
257,Хирург,256.0,Вскрытие парапроктита,приём врача,D48.811.410,
258,Хирург,257.0,Вскрытие флегмоны,приём врача,D86.228.413,
259,Хирург,258.0,Вскрытие фурункула,приём врача,D86.229.414,
260,Хирург,259.0,Иссечение рубцов,приём врача,D02.095.002,
261,Хирург,260.0,Лечение бартолинита,приём врача,D71.250.124,
262,Хирург,261.0,Лечение гематомы,приём врача,D86.999.492,
263,Хирург,262.0,Лечение диабетической стопы,приём врача,,
264,Хирург,263.0,Наложение швов,приём врача,,
265,Хирург,264.0,Перевязка ран,приём врача,D93.571.415,
266,Хирург,265.0,Подрезание уздечки языка,приём врача,D03.020.002,
267,Хирург,266.0,Обработка раны,приём врача,D86.220.436,
268,Хирург,267.0,Снятие швов,приём врача,D97.311.050,
269,Хирург,268.0,Удаление атеромы,приём врача,D86.041.428,
270,Хирург,269.0,Удаление гемангиомы,приём врача,D86.095.401,
271,Хирург,270.0,Удаление гигромы,приём врача,D86.223.402,
272,Хирург,271.0,Удаление кондиломы,приём врача,D99.999.059,
273,Хирург,272.0,Удаление контагиозного моллюска,приём врача,D99.999.704,
274,Хирург,273.0,Удаление липомы,приём врача,D86.226.405,
275,Хирург,274.0,Удаление металлоконструкций,приём врача,,
276,Хирург,275.0,Удаление сосудистой сеточки,приём врача,,
277,Хирург,276.0,Удаление фибромы,приём врача,,
278,Флеболог,277.0,Прием флеболога,приём врача,A02.035.000,
279,Фониатр,278.0,Прием фониатра,приём врача,A02.076.000,
280,Челюстно-лицевой хирург,279.0,Прием челюстно-лицевого хирурга,приём врача,A02.037.000,
281,Эндокринолог,280.0,Прием эндокринолога,приём врача,A02.021.000,
282,Эндокринолог,281.0,Биопсия щитовидной железы,процедура,D88.790.001,
283,Эндокринолог,282.0,КТ щитовидной железы,диагностика,C03.010.006,КТ; компьютерная томография
284,Эндокринолог,283.0,УЗИ щитовидной железы,диагностика,C03.017.004,УЗИ; ультразвуковое исследование
285,Эндокринолог,284.0,Эластография (соноэластография) щитовидной железы,процедура,C03.046.004,Эластография щитовидной железы; соноэластография
286,Эпилептолог,285.0,Прием эпилептолога,приём врача,A02.096.000,
287,КТ,286.0,КТ брюшной полости,диагностика,C03.005.006,КТ; компьютерная томография
288,КТ,287.0,КТ верхних конечностей,диагностика,C03.007.006,КТ; компьютерная томография
289,КТ,288.0,КТ височно-нижнечелюстных суставов,диагностика,C03.010.006,КТ; компьютерная томография
290,КТ,289.0,КТ височных костей,диагностика,C03.009.006,КТ; компьютерная томография
291,КТ,290.0,КТ глазных орбит,диагностика,C03.010.006,КТ; компьютерная томография
292,КТ,291.0,КТ голеностопного сустава,диагностика,C03.007.006,КТ; компьютерная томография
293,КТ,292.0,КТ головного мозга,диагностика,C03.001.006,КТ; компьютерная томография
294,КТ,293.0,КТ гортани,диагностика,C03.010.006,КТ; компьютерная томография
295,КТ,294.0,КТ грудного отдела позвоночника,диагностика,C03.003.006,КТ; компьютерная томография
296,КТ,295.0,КТ кисти,диагностика,C03.007.006,КТ; компьютерная томография
297,КТ,296.0,КТ коленного сустава,диагностика,C03.007.006,КТ; компьютерная томография
298,КТ,297.0,КТ копчика,диагностика,C03.007.006,КТ; компьютерная томография
299,КТ,298.0,КТ костей,диагностика,C03.007.006,КТ; компьютерная томография
300,КТ,299.0,КТ костей таза,диагностика,C03.007.006,КТ; компьютерная томография
301,КТ,300.0,КТ костей черепа,диагностика,C03.001.006,КТ; компьютерная томография
302,КТ,301.0,КТ крестцово-подвздошных сочленений,диагностика,C03.006.006,КТ; компьютерная томография
303,КТ,302.0,КТ легких,диагностика,C03.003.006,КТ; компьютерная томография
304,КТ,303.0,КТ лицевых костей,диагностика,C03.007.006,КТ; компьютерная томография
305,КТ,304.0,КТ локтевого сустава,диагностика,C03.007.006,КТ; компьютерная томография
306,КТ,305.0,КТ лучезапястного сустава,диагностика,C03.007.006,КТ; компьютерная томография
307,КТ,306.0,КТ мягких тканей,диагностика,C03.010.006,КТ; компьютерная томография
308,КТ,307.0,КТ мягких тканей шеи,диагностика,C03.002.006,КТ; компьютерная томография
309,КТ,308.0,КТ органов малого таза,диагностика,C03.005.006,КТ; компьютерная томография
310,КТ,309.0,КТ плечевого сустава,диагностика,C03.007.006,КТ; компьютерная томография
311,КТ,310.0,КТ почек,диагностика,C03.010.006,КТ; компьютерная томография
312,КТ,311.0,КТ поясничного отдела позвоночника,диагностика,C03.007.006,КТ; компьютерная томография
313,КТ,312.0,КТ придаточных пазух носа,диагностика,C03.008.006,КТ; компьютерная томография
314,КТ,313.0,КТ стопы,диагностика,C03.007.006,КТ; компьютерная томография
315,КТ,314.0,КТ тазобедренного сустава,диагностика,C03.007.006,КТ; компьютерная томография
316,КТ,315.0,КТ шейного отдела позвоночника,диагностика,C03.002.006,КТ; компьютерная томография
317,МРТ,316.0,МРТ височно-нижнечелюстных суставов,диагностика,C03.010.006,МРТ; магнитно-резонансная томография
318,МРТ,317.0,МРТ гипофиза,диагностика,C03.008.007,МРТ; магнитно-резонансная томография
319,МРТ,318.0,МРТ глазных орбит,диагностика,C03.010.006,МРТ; магнитно-резонансная томография
320,МРТ,319.0,МРТ голеностопного сустава,диагностика,C03.005.007,МРТ; магнитно-резонансная томография
321,МРТ,320.0,МРТ головного мозга,диагностика,C03.008.007,МРТ; магнитно-резонансная томография
322,МРТ,321.0,МРТ грудного отдела позвоночника,диагностика,C03.006.007,МРТ; магнитно-резонансная томография
323,МРТ,322.0,МРТ кисти руки,диагностика,C03.005.007,МРТ; магнитно-резонансная томография
324,МРТ,323.0,МРТ коленного сустава,диагностика,C03.005.007,МРТ; магнитно-резонансная томография
325,МРТ,324.0,МРТ копчика,диагностика,C03.005.007,МРТ; магнитно-резонансная томография
326,МРТ,325.0,МРТ крестцово-подвздошных сочленений,диагностика,C03.005.007,МРТ; магнитно-резонансная томография
327,МРТ,326.0,МРТ локтевого сустава,диагностика,C03.005.007,МРТ; магнитно-резонансная томография
328,МРТ,327.0,МРТ лучезапястного сустава,диагностика,C03.005.007,МРТ; магнитно-резонансная томография
329,МРТ,328.0,МРТ молочных желез,диагностика,C03.016.007,МРТ; магнитно-резонансная томография
330,МРТ,329.0,МРТ мошонки (яичек),диагностика,C03.004.007,МРТ; МРТ мошонки; магнитно-резонансная томография; яичек
331,МРТ,330.0,МРТ надпочечников,диагностика,C03.007.007,МРТ; магнитно-резонансная томография
332,МРТ,331.0,МРТ органов брюшной полости,диагностика,C03.003.007,МРТ; магнитно-резонансная томография
333,МРТ,332.0,МРТ органов малого таза,диагностика,C03.004.007,МРТ; магнитно-резонансная томография
334,МРТ,333.0,МРТ плечевого сустава,диагностика,C03.005.007,МРТ; магнитно-резонансная томография
335,МРТ,334.0,МРТ почек,диагностика,C03.007.007,МРТ; магнитно-резонансная томография
336,МРТ,335.0,МРТ пояснично-крестцового отдела позвоночника,диагностика,C03.006.007,МРТ; магнитно-резонансная томография
337,МРТ,336.0,МРТ поясничного отдела позвоночника,диагностика,C03.006.007,МРТ; магнитно-резонансная томография
338,МРТ,337.0,МРТ предстательной железы (простаты),диагностика,C03.004.007,МРТ; МРТ предстательной железы; магнитно-резонансная томография; простаты
339,МРТ,338.0,МРТ придаточных пазух носа,диагностика,C03.007.007,МРТ; магнитно-резонансная томография
340,МРТ,339.0,МРТ сосудов головного мозга (ангиография),диагностика,C03.015.007,МРТ; МРТ сосудов головного мозга; ангиография; магнитно-резонансная томография
341,МРТ,340.0,МРТ сосудов шеи (ангиография),диагностика,C03.013.007,МРТ; МРТ сосудов шеи; ангиография; магнитно-резонансная томография
342,МРТ,341.0,МРТ стопы,диагностика,C03.005.007,МРТ; магнитно-резонансная томография
343,МРТ,342.0,МРТ тазобедренного сустава,диагностика,C03.005.007,МРТ; магнитно-резонансная томография
344,МРТ,343.0,МРТ шейного отдела позвоночника,диагностика,C03.006.007,МРТ; магнитно-резонансная томография
345,УЗИ,344.0,Доплер УЗИ плода (доплерография),диагностика,C03.001.003,Доплер УЗИ плода; УЗИ; доплерография; ультразвуковое исследование
346,УЗИ,345.0,ТРУЗИ,диагностика,C03.014.004,
347,УЗИ,346.0,УЗИ брахиоцефального ствола,диагностика,C03.002.003,УЗИ; ультразвуковое исследование
348,УЗИ,347.0,УЗИ брюшной полости,диагностика,C03.008.004,УЗИ; ультразвуковое исследование
349,УЗИ,348.0,УЗИ вилочковой железы,диагностика,C03.023.004,УЗИ; ультразвуковое исследование
350,УЗИ,349.0,УЗИ всего тела,диагностика,,УЗИ; ультразвуковое исследование
351,УЗИ,350.0,УЗИ глаз,диагностика,C03.998.003,УЗИ; ультразвуковое исследование
352,УЗИ,351.0,УЗИ голеностопного сустава,диагностика,,УЗИ; ультразвуковое исследование
353,УЗИ,352.0,УЗИ головного мозга ребенка (нейросонография),диагностика,C02.019.000,УЗИ; УЗИ головного мозга ребенка; нейросонография; ультразвуковое исследование
354,УЗИ,353.0,УЗИ грудино-ключично-сосцевидной мышцы (ГКСМ),диагностика,C03.023.004,ГКСМ; УЗИ; УЗИ грудино-ключично-сосцевидной мышцы; ультразвуковое исследование
355,УЗИ,354.0,УЗИ желудка,диагностика,C03.008.004,УЗИ; ультразвуковое исследование
356,УЗИ,355.0,УЗИ желчного пузыря,диагностика,C03.001.004,УЗИ; ультразвуковое исследование
357,УЗИ,356.0,УЗИ кисты Бейкера,диагностика,C03.023.004,УЗИ; ультразвуковое исследование
358,УЗИ,357.0,УЗИ коленного сустава,диагностика,,УЗИ; ультразвуковое исследование
359,УЗИ,358.0,УЗИ легких и бронхов,диагностика,C03.021.004,УЗИ; ультразвуковое исследование
360,УЗИ,359.0,УЗИ лимфатических узлов,диагностика,C03.023.004,УЗИ; ультразвуковое исследование
361,УЗИ,360.0,УЗИ локтевого сустава,диагностика,,УЗИ; ультразвуковое исследование
362,УЗИ,361.0,УЗИ лонного сочленения (симфиза),диагностика,C03.985.004,УЗИ; УЗИ лонного сочленения; симфиза; ультразвуковое исследование
363,УЗИ,362.0,УЗИ лучезапястного сустава,диагностика,C03.043.004,УЗИ; ультразвуковое исследование
364,УЗИ,363.0,УЗИ молочных желез,диагностика,C03.018.004,УЗИ; ультразвуковое исследование
365,УЗИ,364.0,УЗИ мочевого пузыря,диагностика,C03.992.004,УЗИ; ультразвуковое исследование
366,УЗИ,365.0,УЗИ мошонки (яичек),диагностика,C03.016.004,УЗИ; УЗИ мошонки; ультразвуковое исследование; яичек
367,УЗИ,366.0,УЗИ мягких тканей,диагностика,C03.023.004,УЗИ; ультразвуковое исследование
368,УЗИ,367.0,УЗИ надпочечников,диагностика,C03.984.004,УЗИ; ультразвуковое исследование
369,УЗИ,368.0,УЗИ органов малого таза,диагностика,C03.057.004,УЗИ; ультразвуковое исследование
370,УЗИ,369.0,УЗИ печени,диагностика,C03.989.004,УЗИ; ультразвуковое исследование
371,УЗИ,370.0,УЗИ плевральной полости,диагностика,C03.022.004,УЗИ; ультразвуковое исследование
372,УЗИ,371.0,УЗИ плечевого сустава,диагностика,,УЗИ; ультразвуковое исследование
373,УЗИ,372.0,УЗИ плода (для беременных),диагностика,C03.986.004,УЗИ; УЗИ плода; для беременных; ультразвуковое исследование
374,УЗИ,373.0,УЗИ поджелудочной железы,диагностика,C03.001.004,УЗИ; ультразвуковое исследование
375,УЗИ,374.0,УЗИ полового члена,диагностика,C03.010.003,УЗИ; ультразвуковое исследование
376,УЗИ,375.0,УЗИ почек,диагностика,C03.011.004,УЗИ; ультразвуковое исследование
377,УЗИ,376.0,УЗИ предстательной железы (простаты),диагностика,C03.014.004,УЗИ; УЗИ предстательной железы; простаты; ультразвуковое исследование
378,УЗИ,377.0,УЗИ при беременности 1 триместра,диагностика,C03.031.004,УЗИ; ультразвуковое исследование
379,УЗИ,378.0,УЗИ при беременности 2 триместра,диагностика,C03.032.004,УЗИ; ультразвуковое исследование
380,УЗИ,379.0,УЗИ при беременности 3 триместра,диагностика,C03.032.004,УЗИ; ультразвуковое исследование
381,УЗИ,380.0,УЗИ придаточных пазух носа,диагностика,C03.026.004,УЗИ; ультразвуковое исследование
382,УЗИ,381.0,УЗИ селезенки,диагностика,C03.004.004,УЗИ; ультразвуковое исследование
383,УЗИ,382.0,УЗИ слюнной железы,диагностика,C03.025.004,УЗИ; ультразвуковое исследование
384,УЗИ,383.0,УЗИ сосудов брюшной полости,диагностика,C03.005.003,УЗИ; ультразвуковое исследование
385,УЗИ,384.0,УЗИ сосудов верхних конечностей,диагностика,C03.014.003,УЗИ; ультразвуковое исследование
386,УЗИ,385.0,УЗИ сосудов головы,диагностика,C03.004.003,УЗИ; ультразвуковое исследование
387,УЗИ,386.0,УЗИ сосудов нижних конечностей,диагностика,C03.013.003,УЗИ; ультразвуковое исследование
388,УЗИ,387.0,УЗИ сосудов печени,диагностика,C03.997.003,УЗИ; ультразвуковое исследование
389,УЗИ,388.0,УЗИ сосудов полового члена,диагностика,C03.010.003,УЗИ; ультразвуковое исследование
390,УЗИ,389.0,УЗИ сосудов почек,диагностика,C03.008.003,УЗИ; ультразвуковое исследование
391,УЗИ,390.0,УЗИ сосудов шеи,диагностика,C03.994.003,УЗИ; ультразвуковое исследование
392,УЗИ,391.0,УЗИ тазобедренного сустава,диагностика,,УЗИ; ультразвуковое исследование
393,УЗИ,392.0,УЗИ шеи,диагностика,,УЗИ; ультразвуковое исследование
394,УЗИ,393.0,Фолликулометрия,диагностика,C03.982.004,
395,УЗИ,394.0,Цервикометрия (УЗИ шейки матки при беременности),диагностика,C03.974.004,УЗИ; Цервикометрия; ультразвуковое исследование
396,Рентген,395.0,3Д снимок зубов,диагностика,C03.052.005,
397,Рентген,396.0,Гистеросальпингография маточных труб,диагностика,C03.030.004,
398,Рентген,397.0,Рентген бедренной кости,диагностика,C03.045.005,ренген; рентгенография
399,Рентген,398.0,Рентген брюшной полости,диагностика,C03.028.005,ренген; рентгенография
400,Рентген,399.0,Рентген височной кости,диагностика,C03.940.005,ренген; рентгенография
401,Рентген,400.0,Рентген голеностопного сустава,диагностика,C03.103.005,ренген; рентгенография
402,Рентген,401.0,Рентген головы (черепа),диагностика,C03.004.005,Рентген головы; ренген; рентгенография; черепа
403,Рентген,402.0,Рентген грудного отдела позвоночника,диагностика,C03.018.005,ренген; рентгенография
404,Рентген,403.0,Рентген кисти,диагностика,C03.040.005,ренген; рентгенография
405,Рентген,404.0,Рентген ключицы,диагностика,C03.024.005,ренген; рентгенография
406,Рентген,405.0,Рентген коленного сустава,диагностика,C03.101.005,ренген; рентгенография
407,Рентген,406.0,Рентген копчика,диагностика,C03.979.005,ренген; рентгенография
408,Рентген,407.0,Рентген костей носа,диагностика,C03.009.005,ренген; рентгенография
409,Рентген,408.0,Рентген кости голени,диагностика,C03.046.005,ренген; рентгенография
410,Рентген,409.0,Рентген крестцово-подвздошных сочленений,диагностика,C03.044.005,ренген; рентгенография
411,Рентген,410.0,Рентген легких,диагностика,C03.020.005,ренген; рентгенография
412,Рентген,411.0,Рентген локтевого сустава,диагностика,C03.038.005,ренген; рентгенография
413,Рентген,412.0,Рентген лопатки,диагностика,C03.095.005,ренген; рентгенография
414,Рентген,413.0,Рентген лучезапястного сустава,диагностика,C03.040.005,ренген; рентгенография
415,Рентген,414.0,Рентген нижней челюсти,диагностика,C03.947.005,ренген; рентгенография
416,Рентген,415.0,Рентген органов грудной клетки,диагностика,C03.018.005,ренген; рентгенография
417,Рентген,416.0,"Рентген плеча, предплечья",диагностика,C03.037.005,ренген; рентгенография
418,Рентген,417.0,Рентген плечевого сустава,диагностика,C03.039.005,ренген; рентгенография
419,Рентген,418.0,Рентген поясничного отдела позвоночника,диагностика,C03.041.005,ренген; рентгенография
420,Рентген,419.0,Рентген придаточных пазух носа,диагностика,C03.069.005,ренген; рентгенография
421,Рентген,420.0,Рентген пятки,диагностика,C03.997.005,ренген; рентгенография
422,Рентген,421.0,Рентген ребер,диагностика,C03.022.005,ренген; рентгенография
423,Рентген,422.0,Рентген стопы,диагностика,C03.049.005,ренген; рентгенография
424,Рентген,423.0,Рентген таза,диагностика,C03.043.005,ренген; рентгенография
425,Рентген,424.0,Рентген тазобедренного сустава,диагностика,C03.099.005,ренген; рентгенография
426,Рентген,425.0,Рентген турецкого седла,диагностика,C03.987.005,ренген; рентгенография
427,Рентген,426.0,Рентген шейного отдела позвоночника,диагностика,C03.015.005,ренген; рентгенография
428,Справки,427.0,Справка в санаторий (068),процедура,,068; Справка в санаторий
429,Справки,428.0,Справка в лагерь (071),процедура,,071; Справка в лагерь
430,Справки,429.0,Справка для выезда за границу (072),процедура,,072; Справка для выезда за границу
431,Справки,430.0,Справка для вождения (073),процедура,,073; Справка для вождения
432,Справки,431.0,Личная медицинская книжка,процедура,,
433,Справки,432.0,"Медицинская справка (075, ранее 086)",процедура,,075; Медицинская справка; ранее 086
434,Справки,433.0,Справка по уходу (079),процедура,,079; Справка по уходу
435,Справки,434.0,Справка о нетрудоспособности (037),процедура,,037; Справка о нетрудоспособности
436,Check-Up,435.0,Кардиологический Check-Up,процедура,,
437,Check-Up,436.0,Эндокринологический Check-Up,процедура,,
438,Check-Up,437.0,Check-Up ЖКТ,процедура,,
439,Check-Up,438.0,Check-Up печени,процедура,,
440,Check-Up,439.0,Check-Up онкологический,процедура,,
441,Check-Up,440.0,Полный Check-Up,процедура,,
442,Check-Up,441.0,Check-Up мужской,процедура,,
443,Check-Up,442.0,Check-Up женский,процедура,,
444,Функциональная диагностика,443.0,Мониторирование ЭЭГ,диагностика,C02.021.000,
445,Эндоскпия,444.0,Колоноскопия с седацией,диагностика,C01.016.001,
446,Эндоскпия,445.0,Полипэктомия,процедура,D48.350.431,
447,Эндоскпия,446.0,Эндоскпия носа,процедура,C01.031.001,
448,Массаж,447.0,Антицеллюлитный массаж,процедура,D02.035.007,
449,Массаж,448.0,Баночный массаж,процедура,D02.031.007,
450,Массаж,449.0,Висцеральный массаж,процедура,,
451,Массаж,450.0,Гуаша массаж,процедура,,
452,Массаж,451.0,Детский массаж,процедура,,
453,Массаж,452.0,Лечебный массаж,процедура,,
454,Массаж,453.0,Лимфодренажный массаж,процедура,D02.001.009,
455,Массаж,454.0,Массаж головы,процедура,D02.008.007,
456,Массаж,455.0,Массаж живота,процедура,,
457,Массаж,456.0,Массаж ног,процедура,D02.026.007,
458,Массаж,457.0,Массаж области грудной клетки,процедура,D02.015.007,
459,Массаж,458.0,Массаж рук,процедура,D02.014.007,
460,Массаж,459.0,Массаж спины,процедура,D02.025.007,
461,Массаж,460.0,Массаж тазобедренного сустава,процедура,D02.023.007,
462,Массаж,461.0,Массаж плечевого сустава,процедура,D02.016.007,
463,Массаж,462.0,Массаж локтевого сустава,процедура,D02.017.007,
464,Массаж,463.0,Массаж лучезапястного сустава,процедура,D02.018.007,
465,Массаж,464.0,Массаж коленного сустава,процедура,D02.027.007,
466,Массаж,465.0,Массаж голеностопного сустава,процедура,D02.028.007,
467,Массаж,466.0,Массаж шейно-воротниковой зоны,процедура,D02.012.007,
468,Массаж,467.0,Медовый массаж,процедура,,
469,Массаж,468.0,Миофасциальный массаж,процедура,,
470,Массаж,469.0,Общий массаж,процедура,D02.001.007,
471,Массаж,470.0,Огненный массаж,процедура,D02.992.004,
472,Массаж,471.0,Спортивный массаж,процедура,,
473,Массаж,472.0,Точечный массаж,процедура,D02.003.007,
474,Общая клиника,nan,Аддис-Каковский,процедура,B01.002.001,
475,Общая клиника,nan,Амбурже,процедура,B01.003.001,
476,Общая клиника,nan,Зимницкий (моча),лаборатория,B01.004.001,Зимницкий; моча
477,Общая клиника,nan,Нечипоренко (моча),лаборатория,B01.005.001,Нечипоренко; моча
478,Общая клиника,nan,Мокрота на БК,процедура,B01.054.001,
479,Общая клиника,nan,Грибы,процедура,B01.069.001,
480,Общая клиника,nan,Дуоденальное,процедура,B01.071.001,
481,Общая клиника,nan,Желудочный сок,процедура,B01.072.001,
482,Общая клиника,nan,Копрограмма,процедура,B01.073.001,
483,Общая клиника,nan,Общий мокроты,процедура,B01.075.001,
484,Общая клиника,nan,Урогенитальный мазок,лаборатория,B01.080.001,
485,Общая клиника,nan,Секрет простаты исследование,процедура,B01.081.001,
486,Общая клиника,nan,Синовиальная жидкость,процедура,B01.083.001,
487,Общая клиника,nan,Бронхиальный секрет,процедура,B01.086.001,
488,Общая клиника,nan,Ликвор,процедура,B01.087.001,
489,Общая клиника,nan,Экссудаты и транссудаты,процедура,B01.089.001,
490,Общая клиника,nan,Демодекоз,процедура,B01.091.001,
491,Общая клиника,nan,Соскоб рта,процедура,B01.093.001,
492,Общая клиника,nan,Ликвор на КУБ,процедура,B01.094.001,
493,Общая клиника,nan,Кал на я/г,процедура,B01.100.001,
494,Общая клиника,nan,Малярия толстая капля,процедура,B01.101.001,
495,Общая клиника,nan,Скрытая кровь,лаборатория,B01.104.001,
496,Общая клиника,nan,Чесоточный клещ,процедура,B01.107.001,
497,Общая клиника,nan,Соскоб перианальный,процедура,B01.109.001,
498,Общая клиника,nan,Мокрота на атипические клетки,процедура,B01.294.001,
499,Общая клиника,nan,Белок качественно (моча),лаборатория,B01.299.001,Белок качественно; моча
500,Общая клиника,nan,Гемосидерин (моча),лаборатория,B01.323.001,Гемосидерин; моча
501,Общая клиника,nan,Глюкоза качественно (моча),лаборатория,B01.332.001,Глюкоза качественно; глюкоза крови; моча; сахар в крови; сахар крови; уровень сахара
502,Общая клиника,nan,Степень чистоты мазок,лаборатория,B01.458.001,
503,Общая клиника,nan,ОАМ,лаборатория,B01.077.002,ОАМ; анализ мочи общий; клинический анализ мочи; общий анализ мочи
504,Общая клиника,nan,ОАМ экспресс,лаборатория,B03.866.003,ОАМ; анализ мочи общий; клинический анализ мочи; общий анализ мочи
505,Общая клиника,nan,Мочевой осадок исследование,процедура,B01.078.002,
506,Общая клиника,nan,Сперма исследование,процедура,B01.082.002,
507,Общая клиника,nan,Бен-Джонса (моча),лаборатория,B01.298.002,Бен-Джонса; моча
508,Общая клиника,nan,Белок количественно (моча),лаборатория,B01.300.002,Белок количественно; моча
509,Общая клиника,nan,Глюкоза количественно (моча),лаборатория,B01.333.002,Глюкоза количественно; глюкоза крови; моча; сахар в крови; сахар крови; уровень сахара
510,Общая клиника,nan,Глюкоза суточная (моча),лаборатория,B01.334.002,Глюкоза суточная; глюкоза крови; моча; сахар в крови; сахар крови; уровень сахара
511,Общая клиника,nan,Желчные пигменты (моча),лаборатория,B01.341.002,Желчные пигменты; моча
512,Общая клиника,nan,Кетоновые тела (моча),лаборатория,B01.355.002,Кетоновые тела; моча
513,Общая клиника,nan,Протеинурия суточная,процедура,B01.479.002,
514,Гематология,nan,LE-клетки,процедура,B02.096.001,
515,Гематология,nan,ОАК 3 параметра,лаборатория,B02.112.001,CBC; ОАК; анализ крови общий; клинический анализ крови; кровь общий анализ; общий анализ крови
516,Гематология,nan,Аутогемолиз,процедура,B02.295.001,
517,Гематология,nan,Гемоглобин,процедура,B02.322.001,
518,Гематология,nan,Гемоглобин экспресс,процедура,B03.864.003,
519,Гематология,nan,Осмотическая резистентность,процедура,B02.421.001,
520,Гематология,nan,Свободный гемоглобин,процедура,B02.443.001,
521,Гематология,nan,Лейкоформула,процедура,B02.528.001,
522,Гематология,nan,Лейкоциты,процедура,B02.530.001,
523,Гематология,nan,Лейкоциты экспресс,процедура,B03.865.003,
524,Гематология,nan,Миелограмма,процедура,B02.531.001,
525,Гематология,nan,Тромбоциты,процедура,B02.534.001,
526,Гематология,nan,Эритроциты,процедура,B02.536.001,
527,Гематология,nan,Эритроциты с базофильной зернистостью,процедура,B02.537.001,
528,Гематология,nan,Дефиниламиновая проба,процедура,B02.542.001,
529,Гематология,nan,СОЭ,лаборатория,B02.061.002,
530,Гематология,nan,СОЭ ручной,лаборатория,B02.061.002,
531,Гематология,nan,ОАК 5 классов,лаборатория,B02.110.002,CBC; ОАК; анализ крови общий; клинический анализ крови; кровь общий анализ; общий анализ крови
532,Гематология,nan,ОАК 3 класса,лаборатория,B02.111.002,CBC; ОАК; анализ крови общий; клинический анализ крови; кровь общий анализ; общий анализ крови
533,Гематология,nan,ОАК 34 параметра,лаборатория,B02.113.002,CBC; ОАК; анализ крови общий; клинический анализ крови; кровь общий анализ; общий анализ крови
534,Гематология,nan,ОАК 6 параметров,лаборатория,B02.114.002,CBC; ОАК; анализ крови общий; клинический анализ крови; кровь общий анализ; общий анализ крови
535,Гематология,nan,Ретикулоциты,процедура,B02.533.002,
536,Биохимия,nan,СРБ качественно,лаборатория,B03.116.001,
537,Биохимия,nan,Дельта-левулиновая кислота,лаборатория,B03.339.001,
538,Биохимия,nan,Калий K (другие материалы),лаборатория,B03.349.001,Калий K; другие материалы
539,Биохимия,nan,Натрий Na (другие),лаборатория,B03.390.001,Натрий Na; другие
540,Биохимия,nan,Порфирины,лаборатория,B03.429.001,
541,Биохимия,nan,Серомукоид,лаборатория,B03.447.001,
542,Биохимия,nan,Стрептокиназа,лаборатория,B03.460.001,
543,Биохимия,nan,ЦИК циркулирующие иммунные комплексы,лаборатория,B03.520.001,
544,Биохимия,nan,Сиаловая проба,лаборатория,B03.553.001,
545,Биохимия,nan,Тимоловая проба,лаборатория,B03.556.001,
546,Биохимия,nan,Белок общий (кровь),лаборатория,B03.397.002,Белок общий; кровь
547,Биохимия,nan,Альбумин (кровь),лаборатория,B03.156.002,Альбумин; кровь
548,Биохимия,nan,Электрофорез белка,лаборатория,B03.557.002,
549,Биохимия,nan,Метгемоглобин,лаборатория,B03.380.002,
550,Биохимия,nan,Оксигемоглобин,лаборатория,B03.410.002,
551,Биохимия,nan,Гемоглобин F,лаборатория,B03.321.002,
552,Биохимия,nan,Иммунофиксация белков,лаборатория,B03.062.002,
553,Биохимия,nan,Электрофорез липопротеинов,лаборатория,B03.558.002,
554,Биохимия,nan,КФК фракции,лаборатория,B03.508.002,
555,Биохимия,nan,ЛДГ фракции,лаборатория,B03.509.002,
556,Биохимия,nan,ЩФ щелочная фосфатаза фракции,лаборатория,B03.510.002,
557,Биохимия,nan,Бетта-липопротеиды,лаборатория,B03.301.002,
558,Биохимия,nan,ЛПНП,лаборатория,B03.372.002,
559,Биохимия,nan,ЛПОНП,лаборатория,B03.373.002,
560,Биохимия,nan,ЛПВП,лаборатория,B03.371.002,
561,Биохимия,nan,АЛаТ,лаборатория,B03.155.002,
562,Биохимия,nan,Билирубин прямой,лаборатория,B03.435.002,
563,Биохимия,nan,Билирубин общий,лаборатория,B03.398.002,
564,Биохимия,nan,АСаТ,лаборатория,B03.293.002,
565,Биохимия,nan,ЩФ щелочная фосфатаза,лаборатория,B03.526.002,
566,Биохимия,nan,Фосфатаза кислая,лаборатория,B03.356.002,
567,Биохимия,nan,КФК-МВ,лаборатория,B03.365.002,
568,Биохимия,nan,КФК,лаборатория,B03.364.002,
569,Биохимия,nan,Ангиотензинпревращаюший фермент,лаборатория,B03.161.002,
570,Биохимия,nan,ГГТП,лаборатория,B03.316.002,
571,Биохимия,nan,ЛДГ,лаборатория,B03.367.002,
572,Биохимия,nan,Альфа-амилаза (кровь),лаборатория,B03.403.002,Альфа-амилаза; кровь
573,Биохимия,nan,Холинэстераза,лаборатория,B03.515.002,
574,Биохимия,nan,Липаза,лаборатория,B03.370.002,
575,Биохимия,nan,Фосфолипиды,лаборатория,B03.506.002,
576,Биохимия,nan,Фосфоинозитиды,лаборатория,B03.505.002,
577,Биохимия,nan,Пировиноградная кислота,лаборатория,B03.426.002,
578,Биохимия,nan,Пируват,лаборатория,B03.306.002,
579,Биохимия,nan,Гиалуронидаза,лаборатория,B03.324.002,
580,Биохимия,nan,Глутамтадегидрогеназа,лаборатория,B03.329.002,
581,Биохимия,nan,Газы крови,лаборатория,B03.315.002,
582,Биохимия,nan,"Газы крови, электролиты, добавочные тесты",лаборатория,B03.318.002,
583,Биохимия,nan,Магний Mg (кровь),лаборатория,B03.375.002,Магний Mg; кровь
584,Биохимия,nan,Калий K (кровь),лаборатория,B03.348.002,Калий K; кровь
585,Биохимия,nan,Кальций Ca (кровь),лаборатория,B03.353.002,Кальций Ca; кровь
586,Биохимия,nan,Хлориды Cl (кровь),лаборатория,B03.514.002,Хлориды Cl; кровь
587,Биохимия,nan,Натрий Na (кровь),лаборатория,B03.389.002,Натрий Na; кровь
588,Биохимия,nan,Медь Cu (кровь),лаборатория,B03.378.002,Медь Cu; кровь
589,Биохимия,nan,Церулоплазмин,лаборатория,B03.519.002,
590,Биохимия,nan,Железо Fe,лаборатория,B03.340.002,
591,Биохимия,nan,ОЖСС,лаборатория,B03.404.002,
592,Биохимия,nan,НЖСС,лаборатория,B03.394.002,
593,Биохимия,nan,Ферритин,лаборатория,B03.500.002,запасы железа; ферритин
594,Биохимия,nan,Гематопорфирин,лаборатория,B03.320.002,
595,Биохимия,nan,Трансферрин,лаборатория,B03.485.002,
596,Биохимия,nan,Холестерин,лаборатория,B03.401.002,общий холестерин; холестерин крови
597,Биохимия,nan,Холестерин экспресс,лаборатория,B03.401.003,общий холестерин; холестерин крови
598,Биохимия,nan,Липиды,лаборатория,B03.409.002,
599,Биохимия,nan,Триглицериды,лаборатория,B03.486.002,
600,Биохимия,nan,Триглицериды экспресс,лаборатория,B03.486.003,
601,Биохимия,nan,Глюкоза (кровь),лаборатория,B03.335.002,Глюкоза; глюкоза крови; кровь; сахар в крови; сахар крови; уровень сахара
602,Биохимия,nan,Глюкоза (кровь) экспресс,лаборатория,B03.335.003,Глюкоза экспресс; глюкоза крови; кровь; сахар в крови; сахар крови; уровень сахара
603,Биохимия,nan,Г-6-ФДГ,лаборатория,B03.331.002,
604,Биохимия,nan,Глюкозотолерантный тест,лаборатория,B03.555.002,глюкоза крови; сахар в крови; сахар крови; уровень сахара
605,Биохимия,nan,Фруктозамин,лаборатория,B03.511.002,
606,Биохимия,nan,Лактат,лаборатория,B03.366.002,
607,Биохимия,nan,Мочевина,лаборатория,B03.386.002,
608,Биохимия,nan,Креатинин (кровь),лаборатория,B03.363.002,Креатинин; кровь
609,Биохимия,nan,Мочевая кислота,лаборатория,B03.387.002,
610,Биохимия,nan,Реберга проба,лаборатория,B03.538.002,
611,Биохимия,nan,СРБ количественно,лаборатория,B03.115.002,
612,Биохимия,nan,Ревматоидный фактор,лаборатория,B03.437.002,
613,Биохимия,nan,АСЛО,лаборатория,B03.206.002,
614,Биохимия,nan,Тропонин,лаборатория,B03.488.002,
615,Биохимия,nan,Тропонин экспресс,лаборатория,B03.867.003,
616,Биохимия,nan,Амилаза (кровь),лаборатория,B03.160.002,Амилаза; кровь
617,Биохимия,nan,Аполипопротеин A,лаборатория,B03.291.002,
618,Биохимия,nan,Аполипопротеин B,лаборатория,B03.292.002,
619,Биохимия,nan,Миоглобин,лаборатория,B03.384.002,
620,Биохимия,nan,С3 комплимент,лаборатория,B03.359.002,
621,Биохимия,nan,Витамин D,лаборатория,B03.304.002,25-OH витамин D; витамин D; витамин Д
622,Биохимия,nan,С4 комплимент,лаборатория,B03.360.002,
623,Биохимия,nan,Гомоцистеин,лаборатория,B03.336.002,
624,Биохимия,nan,Фенилаланин,лаборатория,B03.499.002,
625,Биохимия,nan,Неонатальный скрининг гипотиреоз,лаборатория,B03.803.002,
626,Биохимия,nan,Неонатальный скрининг фенилкетонурия,лаборатория,B03.804.002,
627,Биохимия,nan,Скрининг биохимический 1 триместр,лаборатория,B03.549.002,БХ крови; биохимический анализ; биохимия; биохимия крови
628,Биохимия,nan,Скрининг биохимический 2 триместр,лаборатория,B03.550.002,БХ крови; биохимический анализ; биохимия; биохимия крови
629,Биохимия,nan,Эстриол неконьюгированный,лаборатория,B03.561.002,
630,Биохимия,nan,Осмолярность крови,лаборатория,B03.419.002,
631,Биохимия,nan,Гликозилированный гемоглобин,лаборатория,B03.328.002,HbA1c; гликированный гемоглобин; гликозилированный гемоглобин
632,Биохимия,nan,Гликозилированный гемоглобин экспресс,лаборатория,B03.868.003,HbA1c; гликированный гемоглобин; гликозилированный гемоглобин
633,Биохимия,nan,Гаптоглобин,лаборатория,B03.317.002,
634,Биохимия,nan,Преэклампсия,лаборатория,B03.376.002,
635,Биохимия,nan,Микроальбумин (моча),лаборатория,B03.382.002,Микроальбумин; моча
636,Биохимия,nan,Креатинин (моча),лаборатория,B03.362.002,Креатинин; моча
637,Биохимия,nan,Магний Mg (моча),лаборатория,B03.374.002,Магний Mg; моча
638,Биохимия,nan,Калий K (моча),лаборатория,B03.347.002,Калий K; моча
639,Биохимия,nan,Кальций Ca (моча),лаборатория,B03.352.002,Кальций Ca; моча
640,Биохимия,nan,Хлориды Cl (моча),лаборатория,B03.513.002,Хлориды Cl; моча
641,Биохимия,nan,Натрий Na (моча),лаборатория,B03.388.002,Натрий Na; моча
642,Биохимия,nan,Осмолярность мочи,лаборатория,B03.420.002,
643,Биохимия,nan,Альфа-амилаза (моча),лаборатория,B03.402.002,Альфа-амилаза; моча
644,Биохимия,nan,ГАГ (моча),лаборатория,B03.330.002,ГАГ; моча
645,Биохимия,nan,ХГЧ (моча),лаборатория,B03.517.002,ХГЧ; моча
646,Биохимия,nan,ХГЧ (моча) экспресс,лаборатория,B03.517.003,ХГЧ экспресс; моча
647,Биохимия,nan,Фосфор (P),лаборатория,B03.850.002,Фосфор
648,Биохимия,nan,Лекарственный мониторинг,лаборатория,B03.551.002,
649,Биохимия,nan,Ig E общий,лаборатория,B03.552.002,
650,Биохимия,nan,Криоглобулины,лаборатория,B03.554.002,
651,Биохимия,nan,Металлические яды,лаборатория,B03.560.002,
652,Биохимия,nan,Анализ пота,лаборатория,B03.562.002,
653,Коагулология,nan,Аутокоагуляционный тест,процедура,B04.006.001,
654,Коагулология,nan,Толерантность к гепарину,процедура,B04.088.001,
655,Коагулология,nan,АВР,процедура,B04.148.001,
656,Коагулология,nan,Каолин-активированноый лизис сгустка,процедура,B04.309.001,
657,Коагулология,nan,Время Квика,процедура,B04.310.001,
658,Коагулология,nan,Время кровотечения,процедура,B04.311.001,
659,Коагулология,nan,ВР время рекальцификации,процедура,B04.312.001,
660,Коагулология,nan,Время свертывания,процедура,B04.313.001,
661,Коагулология,nan,Индекс ретракции сгустка,процедура,B04.345.001,
662,Коагулология,nan,Клаус-фибриноген,процедура,B04.357.001,
663,Коагулология,nan,Фибринолитическая активность плазмы,процедура,B04.502.001,
664,Коагулология,nan,Бетта-нафтоловый тест,процедура,B04.540.001,
665,Коагулология,nan,Этаноловый тест,процедура,B04.551.001,
666,Коагулология,nan,Агрегация тромбоцитов,процедура,B04.063.002,
667,Коагулология,nan,Тромбоэластограмма,процедура,B04.090.002,
668,Коагулология,nan,АЧТВ,процедура,B04.149.002,
669,Коагулология,nan,Антиплазмин,процедура,B04.150.002,
670,Коагулология,nan,Плазминоген,процедура,B04.151.002,
671,Коагулология,nan,Протеин S,процедура,B04.152.002,
672,Коагулология,nan,Протеин С,процедура,B04.153.002,
673,Коагулология,nan,Виллебранда фактор,процедура,B04.154.002,
674,Коагулология,nan,Антитромбин III,процедура,B04.288.002,
675,Коагулология,nan,Волчаночный антикоагулянт,процедура,B04.308.002,
676,Коагулология,nan,Ингибитор фактора IX,процедура,B04.343.002,
677,Коагулология,nan,Ингибитор фактора VIII,процедура,B04.344.002,
678,Коагулология,nan,D-димер,процедура,B04.358.002,
679,Коагулология,nan,ПВ-ПТИ-МНО,процедура,B04.379.002,
680,Коагулология,nan,ПВ-ПТИ-МНО экспресс,процедура,B03.869.003,
681,Коагулология,nan,РФМК,процедура,B04.436.002,
682,Коагулология,nan,Резистентность фактора V к протеину C,процедура,B04.439.002,
683,Коагулология,nan,Рептилазное время,процедура,B04.441.002,
684,Коагулология,nan,ТВ тромбиновое время,процедура,B04.487.002,
685,Коагулология,nan,Фактор IX,процедура,B04.491.002,
686,Коагулология,nan,Фактор V,процедура,B04.492.002,
687,Коагулология,nan,Фактор VII,процедура,B04.493.002,
688,Коагулология,nan,Фактор VIII,процедура,B04.494.002,
689,Коагулология,nan,Фактор XI,процедура,B04.495.002,
690,Коагулология,nan,Фактор XII,процедура,B04.496.002,
691,Коагулология,nan,Фибриноген,процедура,B04.501.002,
692,Коагулология,nan,ГАТ,процедура,B04.550.002,
693,Коагулология,nan,Эуглобулиновый тест,процедура,B04.552.002,
694,Коагулология,nan,Идентификация культуры животные,процедура,B05.058.001,
695,Коагулология,nan,Микроскопия на КУБ (экссудаты),процедура,B05.095.001,Микроскопия на КУБ; экссудаты
696,Коагулология,nan,Аутопсийный материал бактериология,процедура,B05.007.002,
697,Коагулология,nan,Гонорея (Neisseria gonorrhea) бактериология,процедура,B05.009.002,Neisseria gonorrhea; Гонорея бактериология
698,Коагулология,nan,Анаэробы бактериология,процедура,B05.010.002,
699,Коагулология,nan,Холера (Vibrio cholerae) бактериология,процедура,B05.012.002,Vibrio cholerae; Холера бактериология
700,Коагулология,nan,Гемофильная палочка (Haemophilus influenzae) бактериология,процедура,B05.013.002,Haemophilus influenzae; Гемофильная палочка бактериология
701,Коагулология,nan,Кандида (Candida) бактериология,процедура,B05.015.002,Candida; Кандида бактериология
702,Коагулология,nan,Микоплазма (Mycoplasma) бактериология,процедура,B05.016.002,Mycoplasma; Микоплазма бактериология
703,Коагулология,nan,Токсикоинфекции бактериология,процедура,B05.017.002,
704,Коагулология,nan,Трихомониаз (Trichomonas) бактериология,процедура,B05.018.002,Trichomonas; Трихомониаз бактериология
705,Коагулология,nan,Уреаплазма (Ureaplasma) бактериология,процедура,B05.019.002,Ureaplasma; Уреаплазма бактериология
706,Коагулология,nan,Грудное молоко бактериология,процедура,B05.022.002,
707,Коагулология,nan,Сальмонеллез (желчь) бактериология,процедура,B05.023.002,Сальмонеллез бактериология; желчь
708,Коагулология,nan,Иерсиниоз бактериология,процедура,B05.024.002,
709,Коагулология,nan,Кампиллобактериоз бактериология,процедура,B05.025.002,
710,Коагулология,nan,Кал на УПФ бактериология,процедура,B05.027.002,
711,Коагулология,nan,Сальмонеллез (кал) бактериология,процедура,B05.028.002,Сальмонеллез бактериология; кал
712,Коагулология,nan,Эшерихиоз (кал) бактериология,процедура,B05.029.002,Эшерихиоз бактериология; кал
713,Коагулология,nan,Менингококк (кровь) бактериология,лаборатория,B05.031.002,Менингококк бактериология; кровь
714,Коагулология,nan,Сальмонеллез (кровь) бактериология,лаборатория,B05.033.002,Сальмонеллез бактериология; кровь
715,Коагулология,nan,Кровь на стерильность,лаборатория,B05.034.002,
716,Коагулология,nan,Мокрота бактериология,процедура,B05.036.002,
717,Коагулология,nan,Туберкулез (мокрота) бактериология,процедура,B05.037.002,Туберкулез бактериология; мокрота
718,Коагулология,nan,Туберкулез (моча) бактериология,лаборатория,B05.038.002,Туберкулез бактериология; моча
719,Коагулология,nan,Сальмонеллез (моча) бактериология,лаборатория,B05.039.002,Сальмонеллез бактериология; моча
720,Коагулология,nan,Менингококк (носоглотка) бактериология,процедура,B05.041.002,Менингококк бактериология; носоглотка
721,Коагулология,nan,Стафилококк (носоглотка) бактериология,процедура,B05.042.002,Стафилококк бактериология; носоглотка
722,Коагулология,nan,Коклюш (носоглотка) бактериология,процедура,B05.043.002,Коклюш бактериология; носоглотка
723,Коагулология,nan,"Отделяемое зева, ран, глаз, ушей, мочи, желчи бактериология",лаборатория,B05.044.002,
724,Коагулология,nan,Дифтерия (носоглотка) бактериология,процедура,B05.045.002,Дифтерия бактериология; носоглотка
725,Коагулология,nan,Смыв из бронхов бактериология,процедура,B05.048.002,
726,Коагулология,nan,Менингококк (ликвор) бактериология,процедура,B05.050.002,Менингококк бактериология; ликвор
727,Коагулология,nan,Экссудат/транссудат бактериология,процедура,B05.051.002,
728,Коагулология,nan,Идентификация культуры масс-спектрометрия,процедура,B05.059.019,
729,Коагулология,nan,Чувствительность к АБ,процедура,B05.525.002,
730,Коагулология,nan,Дисбактериоз,процедура,B05.526.002,
731,ИФА,nan,pro-BNP,лаборатория,B06.057.005,
732,ИФА,nan,CTD Screen,лаборатория,B06.084.005,
733,ИФА,nan,Symphony,лаборатория,B06.085.005,
734,ИФА,nan,11-оксикортикостероиды (11-ОКС) (крови),лаборатория,B06.117.005,11-ОКС; 11-оксикортикостероиды; крови
735,ИФА,nan,17-кетостероиды (17-КС) (мочи),лаборатория,B06.118.005,17-КС; 17-кетостероиды; мочи
736,ИФА,nan,17-оксикортикостероиды (17-ОКС) (мочи),лаборатория,B06.119.005,17-ОКС; 17-оксикортикостероиды; мочи
737,ИФА,nan,17-оксикортикостероиды (17-ОКС) (крови),лаборатория,B06.120.005,17-ОКС; 17-оксикортикостероиды; крови
738,ИФА,nan,AAG,лаборатория,B06.121.005,
739,ИФА,nan,AAT,лаборатория,B06.122.005,
740,ИФА,nan,АФП (альфафетопротеин),лаборатория,B06.123.005,АФП; альфафетопротеин
741,ИФА,nan,b-ХГЧ (мочи),лаборатория,B06.124.005,b-ХГЧ; мочи
742,ИФА,nan,Гепатит B HBsAg,лаборатория,B06.125.005,
743,ИФА,nan,Гепатит B HBsAg IgG,лаборатория,B06.546.005,
744,ИФА,nan,Гепатит B HBsAg IgM,лаборатория,B06.547.005,
745,ИФА,nan,Гепатит B HBsAg подтверждающий,лаборатория,B06.126.005,
746,ИФА,nan,HPT,лаборатория,B06.129.005,
747,ИФА,nan,Эпштеин-Барра (ВПГ-IV) Ig G к капсидному антигену,лаборатория,B06.130.005,ВПГ-IV; Эпштеин-Барра Ig G к капсидному антигену
748,ИФА,nan,Эпштеин-Барра (ВПГ-IV) IgM к капсидному антигену,лаборатория,B06.548.005,ВПГ-IV; Эпштеин-Барра IgM к капсидному антигену
749,ИФА,nan,Эпштеин-Барра (ВПГ-IV) Ig G к раннему антигену,лаборатория,B06.131.005,ВПГ-IV; Эпштеин-Барра Ig G к раннему антигену
750,ИФА,nan,Эпштеин-Барра (ВПГ-IV) IgM к раннему антигену,лаборатория,B06.549.005,ВПГ-IV; Эпштеин-Барра IgM к раннему антигену
751,ИФА,nan,ЦМВ (ВПГ-V) Ig G,лаборатория,B06.132.005,ВПГ-V; ЦМВ Ig G
752,ИФА,nan,ЦМВ (ВПГ-V) Ig M,лаборатория,B06.134.005,ВПГ-V; ЦМВ Ig M
753,ИФА,nan,Эпштеин-Барра (ВПГ-IV) Ig G к ядерному антигену,лаборатория,B06.133.005,ВПГ-IV; Эпштеин-Барра Ig G к ядерному антигену
754,ИФА,nan,Эпштеин-Барра (ВПГ-IV) IgM к ядерному антигену,лаборатория,B06.550.005,ВПГ-IV; Эпштеин-Барра IgM к ядерному антигену
755,ИФА,nan,NCA,лаборатория,B06.135.005,
756,ИФА,nan,NLA,лаборатория,B06.136.005,
757,ИФА,nan,NSE ликвора,лаборатория,B06.137.005,
758,ИФА,nan,NSE,лаборатория,B06.138.005,
759,ИФА,nan,S100,лаборатория,B06.139.005,
760,ИФА,nan,a-триптаза,лаборатория,B06.142.005,
761,ИФА,nan,b-триптаза,лаборатория,B06.143.005,
762,ИФА,nan,a/b-триптаза,лаборатория,B06.551.005,
763,ИФА,nan,Эозинофильно-катионный протеин ECP,лаборатория,B06.552.005,
764,ИФА,nan,Токсоплазмоз (Toxoplasma gondii) авидность IgG,лаборатория,B06.144.005,Toxoplasma gondii; Токсоплазмоз авидность IgG
765,ИФА,nan,Токсоплазмоз (Toxoplasma gondii) авидность IgM,лаборатория,B06.145.005,Toxoplasma gondii; Токсоплазмоз авидность IgM
766,ИФА,nan,Адреналин,лаборатория,B06.146.005,
767,ИФА,nan,АКТГ,лаборатория,B06.147.005,
768,ИФА,nan,Альдостерон,лаборатория,B06.157.005,
769,ИФА,nan,Андростендион,лаборатория,B06.162.005,
770,ИФА,nan,Анти Мюллеров гормон,лаборатория,B06.163.005,
771,ИФА,nan,Хламидиоз (Chlamydia trachomatis) антиген,лаборатория,B06.164.005,Chlamydia trachomatis; Хламидиоз антиген
772,ИФА,nan,Кандида (Candida) антиген,лаборатория,B06.167.005,Candida; Кандида антиген
773,ИФА,nan,ANCA combi,лаборатория,B06.169.005,
774,ИФА,nan,ANA,лаборатория,B06.170.005,
775,ИФА,nan,Антиовариальные АТ,лаборатория,B06.171.005,
776,ИФА,nan,Антиспермальные АТ,лаборатория,B06.172.005,
777,ИФА,nan,CENP антитела,лаборатория,B06.175.005,
778,ИФА,nan,Эхинококк (Echinococcus) антитела,лаборатория,B06.176.005,Echinococcus; Эхинококк антитела
779,ИФА,nan,Фибрилларин (Fibrillarin) актитела,лаборатория,B06.177.005,Fibrillarin; Фибрилларин актитела
780,ИФА,nan,GBM антитела,лаборатория,B06.178.005,
781,ИФА,nan,Гепатит B HBeAg антитела,лаборатория,B06.179.005,
782,ИФА,nan,Jo-1 антитела,лаборатория,B06.180.005,
783,ИФА,nan,Mi-2 антитела,лаборатория,B06.181.005,
784,ИФА,nan,MPOS антитела,лаборатория,B06.182.005,
785,ИФА,nan,PCNA антитела,лаборатория,B06.183.005,
786,ИФА,nan,PM-Scl антитела,лаборатория,B06.184.005,
787,ИФА,nan,PR3S антитела,лаборатория,B06.185.005,
788,ИФА,nan,Rib-P антитела,лаборатория,B06.186.005,
789,ИФА,nan,RNA Pol III антитела,лаборатория,B06.187.005,
790,ИФА,nan,RNP70 антитела,лаборатория,B06.188.005,
791,ИФА,nan,U1RNP антитела,лаборатория,B06.189.005,
792,ИФА,nan,гладкая мускулатура (SMA) антитела,лаборатория,B06.194.005,SMA; гладкая мускулатура антитела
793,ИФА,nan,ДНК антитела,лаборатория,B06.195.005,
794,ИФА,nan,Инсулин антитела,лаборатория,B06.196.005,
795,ИФА,nan,кальпротектин антитела,лаборатория,B06.197.005,
796,ИФА,nan,Миелопероксидаза антитела,лаборатория,B06.198.005,
797,ИФА,nan,Модифицированный цитруллинированный виментин (Anti-MCV) антитела,лаборатория,B06.199.005,Anti-MCV; Модифицированный цитруллинированный виментин антитела
798,ИФА,nan,Рецепторы ТТГ антитела,лаборатория,B06.203.005,ТТГ; тиреотропный гормон
799,ИФА,nan,ТГ антитела,лаборатория,B06.204.005,
800,ИФА,nan,а-ТПО,лаборатория,B06.202.005,
801,ИФА,nan,ENA,лаборатория,B06.205.005,
802,ИФА,nan,Хламидия (Chlamydia trachomati)s IgA,лаборатория,B06.207.005,Chlamydia trachomati; Хламидияs IgA
803,ИФА,nan,Хеликобактер (Helicobacter pylori) IgA,лаборатория,B06.208.005,Helicobacter pylori; Хеликобактер IgA
804,ИФА,nan,Хеликобактер (Helicobacter pylori) суммарные,лаборатория,B06.556.005,Helicobacter pylori; Хеликобактер суммарные
805,ИФА,nan,Микоплазма (Mycoplasma hominis) IgA,лаборатория,B06.209.005,Mycoplasma hominis; Микоплазма IgA
806,ИФА,nan,Уреаплазма (Ureaplasma urealyticum) IgA,лаборатория,B06.210.005,Ureaplasma urealyticum; Уреаплазма IgA
807,ИФА,nan,Иерсиниоз (Yersinia enterocolotica) IgA,лаборатория,B06.211.005,Yersinia enterocolotica; Иерсиниоз IgA
808,ИФА,nan,b2- Гликопротеин I IgA,лаборатория,B06.212.005,
809,ИФА,nan,Глиадин IgA,лаборатория,B06.213.005,
810,ИФА,nan,Кардиолипин IgA,лаборатория,B06.214.005,
811,ИФА,nan,Аскаридоз (Ascaris lumbricoides) IgG,лаборатория,B06.216.005,Ascaris lumbricoides; Аскаридоз IgG
812,ИФА,nan,Болезнь Лайма (Borellia burgdorferi) IgG,лаборатория,B06.217.005,Borellia burgdorferi; Болезнь Лайма IgG
813,ИФА,nan,Хламидия (Chlamydia pneumoniae) IgG,лаборатория,B06.218.005,Chlamydia pneumoniae; Хламидия IgG
814,ИФА,nan,Хламидия (Chlamydia trachomatis) IgG,лаборатория,B06.219.005,Chlamydia trachomatis; Хламидия IgG
815,ИФА,nan,Гарднерелла (Gardnerella vaginalis) IgG,лаборатория,B06.220.005,Gardnerella vaginalis; Гарднерелла IgG
816,ИФА,nan,Хеликобактер (Helicobacter pylori) IgG,лаборатория,B06.221.005,Helicobacter pylori; Хеликобактер IgG
817,ИФА,nan,La IgG,лаборатория,B06.222.005,
818,ИФА,nan,Лептоспироз (Leptospira interrogans) IgG,лаборатория,B06.223.005,Leptospira interrogans; Лептоспироз IgG
819,ИФА,nan,Микоплазма (Mycoplasma hominis) IgG,лаборатория,B06.224.005,Mycoplasma hominis; Микоплазма IgG
820,ИФА,nan,Описторхоз (Opisthorchis felineus/viverrini) IgG,лаборатория,B06.225.005,Opisthorchis felineus; viverrini; Описторхоз IgG
821,ИФА,nan,Ro IgG,лаборатория,B06.226.005,
822,ИФА,nan,Ro52 IgG,лаборатория,B06.227.005,
823,ИФА,nan,Ro60 IgG,лаборатория,B06.228.005,
824,ИФА,nan,Scl-70 IgG,лаборатория,B06.229.005,
825,ИФА,nan,Sm IgG,лаборатория,B06.230.005,
826,ИФА,nan,Токсокароз (Toxocara canis) IgG,лаборатория,B06.231.005,Toxocara canis; Токсокароз IgG
827,ИФА,nan,Токсоплазмоз (Toxoplasma gondii) IgG,лаборатория,B06.232.005,Toxoplasma gondii; Токсоплазмоз IgG
828,ИФА,nan,Трихинеллез (Trichinella spiralis) IgG,лаборатория,B06.234.005,Trichinella spiralis; Трихинеллез IgG
829,ИФА,nan,Сифилис (Treponema pallidum) IgG,лаборатория,B06.233.005,Treponema pallidum; Сифилис IgG
830,ИФА,nan,Трихомониаз (Trichomonas vaginalis) IgG,лаборатория,B06.235.005,Trichomonas vaginalis; Трихомониаз IgG
831,ИФА,nan,Уреаплазма (Ureaplasma urealyticum) IgG,лаборатория,B06.236.005,Ureaplasma urealyticum; Уреаплазма IgG
832,ИФА,nan,Варицелла зостер (ВПГ-III) IgG,лаборатория,B06.237.005,ВПГ-III; Варицелла зостер IgG
833,ИФА,nan,Иерсиниоз (Yersinia enterocolotica) IgG,лаборатория,B06.238.005,Yersinia enterocolotica; Иерсиниоз IgG
834,ИФА,nan,b2-Гликопротеин I IgG,лаборатория,B06.239.005,
835,ИФА,nan,Гепатит B HBcAg IgG,лаборатория,B06.241.005,
836,ИФА,nan,"ВПГ-I, II IgG",лаборатория,B06.242.005,
837,ИФА,nan,Гепатит C IgG,лаборатория,B06.243.005,
838,ИФА,nan,Гепатит A IgG,лаборатория,B06.244.005,
839,ИФА,nan,Гепатит E IgG,лаборатория,B06.245.005,
840,ИФА,nan,ВПГ-VIII IgG,лаборатория,B06.246.005,
841,ИФА,nan,Клещевой энцефалит IgG,лаборатория,B06.247.005,
842,ИФА,nan,Клещевой энцефалит суммарные,лаборатория,B06.559.005,
843,ИФА,nan,"Грипп, парагрипп IgG",лаборатория,B06.249.005,
844,ИФА,nan,ВПГ-I IgG,лаборатория,B06.250.005,
845,ИФА,nan,ВПГ-II IgG,лаборатория,B06.251.005,
846,ИФА,nan,Краснуха IgG,лаборатория,B06.248.005,
847,ИФА,nan,Гистоны IgG,лаборатория,B06.253.005,
848,ИФА,nan,Глиадин IgG,лаборатория,B06.254.005,
849,ИФА,nan,Аспергиллез (Aspergillus) IgG,лаборатория,B06.255.005,Aspergillus; Аспергиллез IgG
850,ИФА,nan,Кандида (Candida) IgG,лаборатория,B06.256.005,Candida; Кандида IgG
851,ИФА,nan,Кандида (Candida) IgM,лаборатория,B06.561.005,Candida; Кандида IgM
852,ИФА,nan,Кандида (Candida) суммарные,лаборатория,B06.562.005,Candida; Кандида суммарные
853,ИФА,nan,Кардиолипин IgG,лаборатория,B06.257.005,
854,ИФА,nan,ЦМВ ВПГ-VI авидность IgG/IgM,лаборатория,B06.563.005,
855,ИФА,nan,ССР IgG,лаборатория,B06.259.005,
856,ИФА,nan,Болезнь Лайма (Borellia burgdorferi) IgM,лаборатория,B06.261.005,Borellia burgdorferi; Болезнь Лайма IgM
857,ИФА,nan,Хламидия (Chlamydia pneumoniae) IgM,лаборатория,B06.262.005,Chlamydia pneumoniae; Хламидия IgM
858,ИФА,nan,Хламидия (Chlamydia trachomatis) IgM,лаборатория,B06.263.005,Chlamydia trachomatis; Хламидия IgM
859,ИФА,nan,Гарднерелла (Gardnerella vaginalis) IgM,лаборатория,B06.264.005,Gardnerella vaginalis; Гарднерелла IgM
860,ИФА,nan,Лямблиоз (Giardia intestinalis) IgM,лаборатория,B06.265.005,Giardia intestinalis; Лямблиоз IgM
861,ИФА,nan,Лямблиоз (Giardia intestinalis) IgG,лаборатория,B06.567.005,Giardia intestinalis; Лямблиоз IgG
862,ИФА,nan,Хеликобактер (Helicobacter pylori) IgM,лаборатория,B06.266.005,Helicobacter pylori; Хеликобактер IgM
863,ИФА,nan,Лептоспироз (Leptospira interrogans) IgM,лаборатория,B06.267.005,Leptospira interrogans; Лептоспироз IgM
864,ИФА,nan,Описторхоз (Opisthorchis felineus/viverrini) IgM,лаборатория,B06.268.005,Opisthorchis felineus; viverrini; Описторхоз IgM
865,ИФА,nan,Описторхоз (Opisthorchis felineus/viverrini) суммарные,лаборатория,B06.568.005,Opisthorchis felineus; viverrini; Описторхоз суммарные
866,ИФА,nan,Токсоплазмоз (Toxoplasma gondii) IgM,лаборатория,B06.269.005,Toxoplasma gondii; Токсоплазмоз IgM
867,ИФА,nan,Сифилис (Treponema pallidum) IgM,лаборатория,B06.270.005,Treponema pallidum; Сифилис IgM
868,ИФА,nan,Сифилис (Treponema pallidum) суммарные,лаборатория,B06.569.005,Treponema pallidum; Сифилис суммарные
869,ИФА,nan,Варицелла зостер (ВПГ-III) IgM,лаборатория,B06.271.005,ВПГ-III; Варицелла зостер IgM
870,ИФА,nan,Варицелла зостер (ВПГ-III) суммарные,лаборатория,B06.570.005,ВПГ-III; Варицелла зостер суммарные
871,ИФА,nan,Иерсиниоз (Yersinia enterocolotica) IgM,лаборатория,B06.272.005,Yersinia enterocolotica; Иерсиниоз IgM
872,ИФА,nan,b2- Гликопротеин I IgM,лаборатория,B06.273.005,
873,ИФА,nan,Ревматоидный фактор IgM,лаборатория,B06.592.005,
874,ИФА,nan,Нуклеосома IgG,лаборатория,B06.593.006,
875,ИФА,nan,"ВПГ-I,II IgM",лаборатория,B06.275.005,
876,ИФА,nan,"ВПГ-I,II авидность",лаборатория,B06.571.005,
877,ИФА,nan,Гепатит A IgM,лаборатория,B06.276.005,
878,ИФА,nan,Гепатит A суммарные,лаборатория,B06.572.005,
879,ИФА,nan,Клещевой энцефалит IgM,лаборатория,B06.277.005,
880,ИФА,nan,ВПГ-I IgM,лаборатория,B06.279.005,
881,ИФА,nan,ВПГ-II IgM,лаборатория,B06.280.005,
882,ИФА,nan,Кардиолипин IgM,лаборатория,B06.281.005,
883,ИФА,nan,Гепатит B HBcAg,лаборатория,B06.283.005,
884,ИФА,nan,Гепатит D IgM,лаборатория,B06.284.005,
885,ИФА,nan,Гепатит E IgM,лаборатория,B06.285.005,
886,ИФА,nan,"Грипп, парагрипп IgM",лаборатория,B06.286.005,
887,ИФА,nan,Краснуха IgM,лаборатория,B06.287.005,
888,ИФА,nan,Бетта-2 микроглобулин,лаборатория,B06.302.005,
889,ИФА,nan,ВМК ванилилминдальная кислота,лаборатория,B06.303.005,
890,ИФА,nan,Витамин B12,лаборатория,B06.305.005,
891,ИФА,nan,Витамин C,лаборатория,B06.307.005,
892,ИФА,nan,Гастрин 17,лаборатория,B06.318.005,
893,ИФА,nan,Гиалуроновая кислота,лаборатория,B06.325.005,
894,ИФА,nan,Гистамин,лаборатория,B06.326.005,
895,ИФА,nan,Глиальный фибриллярный кислый белок,лаборатория,B06.327.005,
896,ИФА,nan,ГСПГ,лаборатория,B06.337.005,
897,ИФА,nan,ДГЭА,лаборатория,B06.338.005,
898,ИФА,nan,Инсулин,лаборатория,B06.346.005,
899,ИФА,nan,ИФР-1,лаборатория,B06.347.005,
900,ИФА,nan,Кальцитонин,лаборатория,B06.351.005,
901,ИФА,nan,Катехоламины,лаборатория,B06.354.005,
902,ИФА,nan,Кортизол,лаборатория,B06.361.005,
903,ИФА,nan,Лактоферрин,лаборатория,B06.368.005,
904,ИФА,nan,ЛГ,лаборатория,B06.369.005,
905,ИФА,nan,Миелопероксидаза,лаборатория,B06.381.005,
906,ИФА,nan,AMA M2,лаборатория,B06.385.005,
907,ИФА,nan,HBeAg гепатит B,лаборатория,B06.391.005,
908,ИФА,nan,Норадреналин,лаборатория,B06.395.005,
909,ИФА,nan,ПСА общий,лаборатория,B06.399.005,ПСА; онкомаркер простаты
910,ИФА,nan,Т4 тироксин,лаборатория,B06.400.005,Т4; свободный т4; тироксин
911,ИФА,nan,IgE общий,лаборатория,B06.406.005,
912,ИФА,nan,СА 125,лаборатория,B06.413.005,
913,ИФА,nan,СА 15-3,лаборатория,B06.414.005,
914,ИФА,nan,СА 19-9,лаборатория,B06.415.005,
915,ИФА,nan,СА 72-4,лаборатория,B06.416.005,
916,ИФА,nan,Остеокальцин,лаборатория,B06.422.005,
917,ИФА,nan,Паратиреоидный гормон,лаборатория,B06.423.005,
918,ИФА,nan,Пепсиноген 1,лаборатория,B06.424.005,
919,ИФА,nan,Пепсиноген 2,лаборатория,B06.425.005,
920,ИФА,nan,Плацентарный белок PAPA-A,лаборатория,B06.427.005,
921,ИФА,nan,АТ HLA предсуществующие,лаборатория,B06.430.005,
922,ИФА,nan,Прогестерон,лаборатория,B06.432.005,
923,ИФА,nan,17-оксипрогестерон,лаборатория,B06.573.005,
924,ИФА,nan,Пролактин,лаборатория,B06.433.005,
925,ИФА,nan,Ренин,лаборатория,B06.440.005,
926,ИФА,nan,РЭА,лаборатория,B06.442.005,
927,ИФА,nan,ПСА свободный,лаборатория,B06.444.005,ПСА; онкомаркер простаты
928,ИФА,nan,T4,лаборатория,B06.445.005,
929,ИФА,nan,T3,лаборатория,B06.446.005,
930,ИФА,nan,Серотонин,лаборатория,B06.448.005,
931,ИФА,nan,СТГ соматотропный гормон,лаборатория,B06.449.005,
932,ИФА,nan,С-пептид,лаборатория,B06.450.005,
933,ИФА,nan,IgE специфический аллергены,лаборатория,B06.576.005,
934,ИФА,nan,Гарднерелла (Gardnerella vaginalis) суммарные,лаборатория,B06.462.005,Gardnerella vaginalis; Гарднерелла суммарные
935,ИФА,nan,Лямблиоз (Giardia intestinalis) суммарные,лаборатория,B06.463.005,Giardia intestinalis; Лямблиоз суммарные
936,ИФА,nan,Гепатит B HBsAg суммарные,лаборатория,B06.464.005,
937,ИФА,nan,Микоплазма (Mycoplasma hominis) суммарные,лаборатория,B06.465.005,Mycoplasma hominis; Микоплазма суммарные
938,ИФА,nan,Иерсиниоз (Yersinia pseudotuberculosis) суммарные,лаборатория,B06.466.005,Yersinia pseudotuberculosis; Иерсиниоз суммарные
939,ИФА,nan,Гепатит D суммарные,лаборатория,B06.467.005,
940,ИФА,nan,Гепатит E суммарные,лаборатория,B06.468.005,
941,ИФА,nan,Гепатит C суммарные,лаборатория,B06.469.005,
942,ИФА,nan,Гепатит G суммарные,лаборатория,B06.471.005,
943,ИФА,nan,Грипп суммарные,лаборатория,B06.473.005,
944,ИФА,nan,Гепатит B HBcAg суммарные,лаборатория,B06.475.005,
945,ИФА,nan,Респираторно-синцитиальный вирус суммарные,лаборатория,B06.476.005,
946,ИФА,nan,АЦПП,лаборатория,B06.477.005,
947,ИФА,nan,Анти-фосфолипидные суммарные,лаборатория,B06.478.005,
948,ИФА,nan,Анти-фосфолипидные IgG,лаборатория,B06.581.005,
949,ИФА,nan,Анти-фосфолипидные IgM,лаборатория,B06.582.005,
950,ИФА,nan,Т3 трийодтиронин,лаборатория,B06.481.005,
951,ИФА,nan,Тестостерон,лаборатория,B06.482.005,
952,ИФА,nan,Тиреоглобулин,лаборатория,B06.483.005,
953,ИФА,nan,ТТГ тиреотропный гормон,лаборатория,B06.484.005,ТТГ; тиреотропный гормон
954,ИФА,nan,ТСГ тестостеронстимулирующий гормон,лаборатория,B06.489.005,
955,ИФА,nan,ФСГ фолликулостимулирующий гормон,лаборатория,B06.512.005,
956,ИФА,nan,ХГЧ (кровь),лаборатория,B06.518.005,ХГЧ; кровь
957,ИФА,nan,Цитокины ИЛ-8,лаборатория,B06.521.005,
958,ИФА,nan,Цитокины ИЛ-2,лаборатория,B06.522.005,
959,ИФА,nan,Цитокины ИЛ-4,лаборатория,B06.523.005,
960,ИФА,nan,Цитокины ИЛ-6,лаборатория,B06.524.005,
961,ИФА,nan,цитокины интерферон альфа,лаборатория,B06.252.005,
962,ИФА,nan,Цитокины интерферон альфа IgM,лаборатория,B06.278.005,
963,ИФА,nan,Цитокины-ФНО-альфа,лаборатория,B06.674.005,
964,ИФА,nan,Эстрадиол,лаборатория,B06.527.005,
965,ИФА,nan,Целиакия IgA,лаборатория,B06.584.005,
966,ИФА,nan,Целиакия IgG,лаборатория,B06.585.005,
967,ИФА,nan,Амфетамины кровь,лаборатория,B06.587.005,
968,ИФА,nan,Опиаты,лаборатория,B06.588.005,
969,ИФА,nan,Каннабиоиды,лаборатория,B06.589.005,
970,ИФА,nan,Амфетамины моча,лаборатория,B06.590.005,
971,ИФА,nan,Опиоиды,лаборатория,B06.591.005,
972,ИФА,nan,Сифилис (Treponema pallidum) в сухой капле,лаборатория,B06.853.005,Treponema pallidum; Сифилис в сухой капле
973,ИФА,nan,"ВИЧ 1,2 в сухой капле",лаборатория,B06.856.005,
974,ИФА,nan,Гепатит C антитела,лаборатория,B06.854.005,
975,ИФА,nan,"ВИЧ 1,2 антиген p24 суммарные",лаборатория,B06.855.005,
976,ИФА,nan,"ВИЧ 1,2 иммуноблот",лаборатория,B06.857.005,
977,ИФА,nan,COVID-19 IgG,лаборатория,В06.863.005,
978,ИФА,nan,COVID-19 IgM,лаборатория,В06.864.005,
979,ИФА,nan,COVID-19 суммарные,лаборатория,B06.865.005,
980,ИХЛ,nan,b-Cross Laps,процедура,B06.056.006,
981,ИХЛ,nan,Гепатит B HBeAg,процедура,B06.128.006,
982,ИХЛ,nan,NGAL,процедура,B06.141.006,
983,ИХЛ,nan,uNGAL,процедура,B06.558.006,
984,ИХЛ,nan,Альфа-2-макроглобулин,процедура,B06.158.006,
985,ИХЛ,nan,SCCA,процедура,B06.168.006,
986,ИХЛ,nan,Гепатит C IgM,процедура,B06.174.006,
987,ИХЛ,nan,Гепарин антитела,лаборатория,B06.192.006,
988,ИХЛ,nan,гистоны антитела,лаборатория,B06.193.006,
989,ИХЛ,nan,Гепатит C неструктурные белки антитела,лаборатория,B06.200.006,
990,ИХЛ,nan,Островковые клетки антитела,лаборатория,B06.201.006,
991,ИХЛ,nan,ДНК IgG,процедура,B06.297.006,
992,ИХЛ,nan,Ингибин BB,процедура,B06.342.006,
993,ИХЛ,nan,Прокальцитонин,процедура,B06.561.006,
994,ИХЛ,nan,Нейропептиды,процедура,B06.393.006,
995,ИХЛ,nan,CYFRA 21-1,процедура,B06.411.006,
996,ИХЛ,nan,СА 242,процедура,B06.412.006,
997,ИХЛ,nan,Pro-GRP,процедура,B06.417.006,
998,ИХЛ,nan,НЕ-4,процедура,B06.418.006,
999,ИХЛ,nan,Про-ПСА,процедура,B06.431.006,ПСА; онкомаркер простаты
1000,ИХЛ,nan,Кислая фосфатаза простатическая,процедура,B06.434.006,
1001,ИХЛ,nan,IgE специфический возбудители,процедура,B06.457.006,
1002,ИХЛ,nan,Гепатит C подтверждающий,процедура,B06.469.006,
1003,ИХЛ,nan,Плацентарный фактор роста (PIGF),процедура,B06.480.006,PIGF; Плацентарный фактор роста
1004,ИХЛ,nan,ФНО фактор некроза опухолей,процедура,B06.498.006,
1005,ИХЛ,nan,ФМС-подобная тирозинкиназа 1sFlt,процедура,B06.503.006,
1006,ИХЛ,nan,Фолаты,процедура,B06.504.006,
1007,РИФ,nan,Сифилис (Treponema pallidum) антитела,лаборатория,B06.560.007,Treponema pallidum; Сифилис антитела
1008,РИФ,nan,Хламидиа (Chlamydia trachomatis) антитела,лаборатория,B06.561.007,Chlamydia trachomatis; Хламидиа антитела
1009,РИФ,nan,Уреаплазма (Ureaplasma urealyticum) антитела,лаборатория,B06.562.007,Ureaplasma urealyticum; Уреаплазма антитела
1010,РИФ,nan,Микоплазма (Mycoplasma hominis) антитела,лаборатория,B06.563.007,Mycoplasma hominis; Микоплазма антитела
1011,РИФ,nan,Трихомониаз (Trichomonas vaginalis) антитела,лаборатория,B06.565.007,Trichomonas vaginalis; Трихомониаз антитела
1012,РИФ,nan,Гарднерелла (Gardnerella vaginalis) антитела,лаборатория,B06.566.007,Gardnerella vaginalis; Гарднерелла антитела
1013,РИФ,nan,Герпес в материале,процедура,B06.568.007,
1014,РИФ,nan,ЦМВ ВПГ-V в материале,процедура,B06.569.007,
1015,РИФ,nan,ВПЧ в материале,процедура,B06.570.007,
1016,Иммунофенотипирование,nan,Иммунный статус панель 6 париммунофенотипирование,процедура,B06.570.008,
1017,Иммунофенотипирование,nan,Общий цитокератин иммунофенотипирование,процедура,B06.572.008,
1018,Иммунофенотипирование,nan,Миеломная болезнь иммунофенотипирование,процедура,B06.573.008,
1019,Иммунофенотипирование,nan,Острые лейкозы иммунофенотипирование,процедура,B06.574.008,
1020,Иммунофенотипирование,nan,Пароксизмальная ночная гемоглобинурия иммунофенотипирование,процедура,B06.575.008,
1021,Иммунофенотипирование,nan,Хронические лейкозы/лимфопролиферативные заболевания иммунофенотипирование,процедура,B06.576.008,
1022,Иммунофенотипирование,nan,Минимальная остаточная болезнь при лейкозах иммунофенотипирование,процедура,B06.623.008,
1023,Иммунофенотипирование,nan,Фагоцитоз иммунофенотипирование,процедура,B06.577.008,
1024,Иммунофенотипирование,nan,CD 3+ кластер дифференцировки иммунофенотипирование,процедура,B06.578.008,
1025,Иммунофенотипирование,nan,3+ DR+ иммунофенотипирование,процедура,B06.579.008,
1026,Иммунофенотипирование,nan,CD 34 Pe иммунофенотипирование,процедура,B06.599.008,
1027,Иммунофенотипирование,nan,Fagotest иммунофенотипирование,процедура,B06.613.008,
1028,Иммунофенотипирование,nan,HLA-DRFitc иммунофенотипирование,процедура,B06.614.008,
1029,Радиоиммунология,nan,Антиген простаты,процедура,B06.623.009,
1030,Радиоиммунология,nan,Онкомаркеры,процедура,B06.628.009,
1031,Иммуноцитология,nan,Иммунограмма,процедура,B06.638.010,
1032,Иммуноцитология,nan,B-лимфоциты,процедура,B06.639.010,
1033,Иммуноцитология,nan,T-лимфоциты,процедура,B06.652.010,
1034,Иммуногистохимия,nan,Опухолевая ткань ИГХ (1-4 маркера),лаборатория,B06.660.011,1-4 маркера; Опухолевая ткань ИГХ
1035,Иммуногистохимия,nan,Опухолевая ткань ИГХ (5-10 маркера),лаборатория,B06.670.011,5-10 маркера; Опухолевая ткань ИГХ
1036,Иммуногистохимия,nan,Опухолевая ткань ИГХ (более 10 маркеров),лаборатория,B06.671.011,Опухолевая ткань ИГХ; более 10 маркеров
1037,Иммуногистохимия,nan,Костный мозг ИГХ стандарт,процедура,B06.661.011,
1038,Иммуногистохимия,nan,Костный мозг ИГХ расширенная,процедура,B06.674.011,
1039,Иммуногистохимия,nan,Кожа ИГХ,процедура,B06.664.011,
1040,Иммуногистохимия,nan,Печень ИГХ,процедура,B06.665.011,
1041,Иммуногистохимия,nan,Почки ИГХ,процедура,B06.666.011,
1042,Иммуногистохимия,nan,Чувстительность опухолевых клеток к заместительной терапии ИГХ,процедура,B06.667.011,
1043,Иммуногистохимия,nan,Чувстительность опухолевых клеток к химиопрепаратам ИГХ,процедура,B06.668.011,
1044,Иммуногистохимия,nan,Лимфопролиферативные заболевания ИГХ стандарт,процедура,B06.669.011,
1045,Иммуногистохимия,nan,Лимфопролиферативные заболевания ИГХ расширенная,процедура,B06.673.011,
1046,Иммуногистохимия,nan,Рецептор PD-L1 ИГХ,процедура,B06.675.011,
1047,Иммуногистохимия,nan,Мутация ALK,процедура,B06.676.011,
1048,Серология,nan,Кумбса непрямой тест качественный,процедура,B06.670.012,
1049,Серология,nan,Кумбса непрямой тест титр,процедура,B06.671.012,
1050,Серология,nan,Группа крови стандартные сыворотки,лаборатория,B06.672.012,
1051,Серология,nan,Группа крови цоликлоны,лаборатория,B06.673.012,
1052,Серология,nan,IgA общий,процедура,B06.405.012,
1053,Серология,nan,IgG общий,процедура,B06.407.012,
1054,Серология,nan,IgM общий,процедура,B06.408.012,
1055,Серология,nan,Резус-фактор,процедура,B06.677.012,
1056,Серология,nan,IgG субклассы,процедура,B06.678.012,
1057,Серология,nan,Кумбса проба,процедура,B06.679.012,
1058,Серология,nan,Вассермана реакция,процедура,B06.680.012,
1059,Серология,nan,Мирореакция,процедура,B06.681.012,
1060,Серология,nan,Райта реакция,процедура,B06.683.012,
1061,Серология,nan,Хеддельсона реакция,процедура,B06.684.012,
1062,Серология,nan,Колмера реакция,процедура,B06.685.012,
1063,Серология,nan,Коксаки РПГА,процедура,B06.687.012,
1064,Серология,nan,Краснуха РПГА,процедура,B06.688.012,
1065,Серология,nan,Дифтерия РПГА,процедура,B06.689.012,
1066,Серология,nan,Иерсиниоз РПГА,процедура,B06.690.012,
1067,Серология,nan,Коклюш РПГА,процедура,B06.691.012,
1068,Серология,nan,Псевдотуберкулез РПГА,процедура,B06.692.012,
1069,Серология,nan,Сальмонелез РПГА,процедура,B06.693.012,
1070,Серология,nan,Токсоплазмоз РПГА,процедура,B06.694.012,
1071,Серология,nan,Эхинококкоз РПГА,процедура,B06.695.012,
1072,Серология,nan,Сифилис РПГА,процедура,B06.696.012,
1073,Серология,nan,Коксаки РСК,процедура,B06.697.012,
1074,Серология,nan,Лептоспироз РСК,процедура,B06.698.012,
1075,Серология,nan,Вирусы парные сыворотки,процедура,B06.699.012,
1076,Серология,nan,Видаля реакция,процедура,B06.700.012,
1077,Серология,nan,Пауля-Буннеля реакция,процедура,B06.701.012,
1078,Серология,nan,"Типирование ABO/RhD(VI), обратным методом:DiaClonABO/D",процедура,B06.702.012,"VI; Типирование ABO/RhD, обратным методом:DiaClonABO/D"
1079,Серология,nan,Листериоз РНГА,процедура,B06.703.012,
1080,Серология,nan,Пастереллез РНГА,процедура,B06.704.012,
1081,Серология,nan,Сыпной тиф РНГА,процедура,B06.705.012,
1082,Серология,nan,Туляремия РНГА,процедура,B06.706.012,
1083,Гистология,nan,Гистология 1 категория,лаборатория,B08.734.001,
1084,Гистология,nan,Гистология 2 категория,лаборатория,B08.735.001,
1085,Гистология,nan,Гистология 3 категория,лаборатория,B08.737.001,
1086,Гистология,nan,Гистология 4 категория,лаборатория,B08.764.001,
1087,Гистология,nan,Гормональное зеркало,лаборатория,B08.742.001,
1088,Гистология,nan,Риноцитограмма,лаборатория,B08.743.001,
1089,Гистология,nan,Цитология,лаборатория,B08.746.001,
1090,Гистология,nan,ПАП-тест цитология шейки матки,лаборатория,B08.749.001,
1091,Гистология,nan,Цитология экспресс,лаборатория,B08.750.001,
1092,Гистология,nan,Цитохимия конго красный,лаборатория,B08.758.001,
1093,Гистология,nan,Цитохимия серебрение,лаборатория,B08.759.001,
1094,Гистология,nan,Цитохимия трихром,лаборатория,B08.760.001,
1095,Гистология,nan,Цитохимия ШИК реакция,лаборатория,B08.761.001,
1096,Гистология,nan,Микроскопия иммунофлюоресцентная,лаборатория,B08.851.021,
1097,Гистология,nan,Микроскопия электронная,лаборатория,B08.851.022,
1098,Гистология,nan,Гистология экспресс,лаборатория,B08.763.001,
1099,Гистология,nan,Микроскопия лазерная сканирующая,лаборатория,B08.851.024,
1100,Цитогенетика,nan,Хромосомные аберрации,процедура,B09.763.016,
1101,Цитогенетика,nan,ФИШ-метод 1 зонд материал,процедура,B09.765.016,
1102,Цитогенетика,nan,ФИШ-метод 1 зонд костный мозг,процедура,B09.766.016,
1103,Цитогенетика,nan,ФИШ-метод 1 зонд лимфоциты,процедура,B09.767.016,
1104,Цитогенетика,nan,ФИШ-метод 1 зонд амниотическая жидкость,процедура,B09.768.016,
1105,Цитогенетика,nan,ФИШ-метод 1 зонд гистологические срезы,лаборатория,B09.769.016,
1106,Цитогенетика,nan,Цитогенетика кариотип,процедура,B09.770.016,
1107,Цитогенетика,nan,Цитогенетика ворсины хориона/плацента,процедура,B09.771.016,
1108,Цитогенетика,nan,Цитогенетика амниотическая жидкость,процедура,B09.772.016,
1109,Цитогенетика,nan,Цитогенетика костный мозг,процедура,B09.773.016,
1110,Цитогенетика,nan,Цитогенетика пуповинная кровь,лаборатория,B09.775.016,
1111,Цитогенетика,nan,ФИШ-метод 1 зонд ALK-положительные гены,процедура,B09.776.016,
1112,Молекулярная генетика,nan,Выделение ДНК,процедура,B09.776.017,
1113,Молекулярная генетика,nan,Исследование ДНК на мутации,процедура,B09.777.017,
1114,Молекулярная генетика,nan,17 аутосомных маркеров,лаборатория,B09.778.017,
1115,Молекулярная генетика,nan,AZF фактор Y хромосомы,процедура,B09.779.017,
1116,Молекулярная генетика,nan,Y хромосома плода в крови матери,лаборатория,B09.780.017,
1117,Молекулярная генетика,nan,Гаплогруппа по 17 аллелям,процедура,B09.781.017,
1118,Молекулярная генетика,nan,Мутация F2,процедура,B09.782.017,
1119,Молекулярная генетика,nan,Мутация F5,процедура,B09.783.017,
1120,Молекулярная генетика,nan,Мутация LMNB1 при лейкодистрофии,процедура,B09.784.017,
1121,Молекулярная генетика,nan,Мутация MLD при миопатии Дюшенна,процедура,B09.785.017,
1122,Молекулярная генетика,nan,Мутация PAH при миопатии Дюшенна,процедура,B09.786.017,
1123,Молекулярная генетика,nan,Мутация SMN при миопатии Дюшенна,процедура,B09.787.017,
1124,Молекулярная генетика,nan,Мутация при муковисцидозе,процедура,B09.788.017,
1125,Молекулярная генетика,nan,Мутация при болезни Слая 7 типа,процедура,B09.789.017,
1126,Молекулярная генетика,nan,Мутация при синдроме Гурлера 1 типа,процедура,B09.790.017,
1127,Молекулярная генетика,nan,Мутация при синдроме Марото-Лами 6 типа,процедура,B09.791.017,
1128,Молекулярная генетика,nan,Мутация при синдроме Мартина-Белла,процедура,B09.792.017,
1129,Молекулярная генетика,nan,Мутация при синдроме Моркио 4 типа,процедура,B09.793.017,
1130,Молекулярная генетика,nan,Мутация при синдроме Санфилиппо 3 типа,процедура,B09.794.017,
1131,Молекулярная генетика,nan,Мутация при синдроме Хантера 2 типа,процедура,B09.795.017,
1132,Молекулярная генетика,nan,Мутация при мукополисахаридозах,процедура,B09.796.017,
1133,Молекулярная генетика,nan,Полиморфизм в геноме,процедура,B09.797.017,
1134,Молекулярная генетика,nan,Резус-фактор плода в крови матери,лаборатория,B09.798.017,
1135,Молекулярная генетика,nan,HLA-типирование крови 1 класса,лаборатория,B09.799.017,
1136,Молекулярная генетика,nan,HLA-типирование крови 2 класса,лаборатория,B09.800.017,
1137,Молекулярная генетика,nan,ВИЧ-1 лекарственная устойчивость,процедура,B09.861.017,
1138,ПЦР,nan,NASBA,лаборатория,B09.806.020,
1139,ПЦР,nan,Бруцеллез (Brucella abortus) ПЦР,лаборатория,B09.807.020,Brucella abortus; Бруцеллез ПЦР
1140,ПЦР,nan,Бруцеллез (Brucella melitensis) ПЦР,лаборатория,B09.808.020,Brucella melitensis; Бруцеллез ПЦР
1141,ПЦР,nan,Бруцеллез (Brucella suis) ПЦР,лаборатория,B09.809.020,Brucella suis; Бруцеллез ПЦР
1142,ПЦР,nan,Кандида (Candida) ПЦР,лаборатория,B09.810.020,Candida; Кандида ПЦР
1143,ПЦР,nan,Хламидиоз (Chlamydia) ПЦР,лаборатория,B09.811.020,Chlamydia; Хламидиоз ПЦР
1144,ПЦР,nan,Гарднерелла (Gardnerella vaginalis) ПЦР,лаборатория,B09.812.020,Gardnerella vaginalis; Гарднерелла ПЦР
1145,ПЦР,nan,Хеликобактер (Helicobacter pylori) ПЦР,лаборатория,B09.813.020,Helicobacter pylori; Хеликобактер ПЦР
1146,ПЦР,nan,Листериоз (Listeria) ПЦР,лаборатория,B09.814.020,Listeria; Листериоз ПЦР
1147,ПЦР,nan,Туберкулез (Mycobacterium tuberculosis) ПЦР,лаборатория,B09.815.020,Mycobacterium tuberculosis; Туберкулез ПЦР
1148,ПЦР,nan,Микоплазма (Mycoplasma hominis) ПЦР,лаборатория,B09.816.020,Mycoplasma hominis; Микоплазма ПЦР
1149,ПЦР,nan,Микоплазма (Mycoplasma pneumoniae) ПЦР,лаборатория,B09.817.020,Mycoplasma pneumoniae; Микоплазма ПЦР
1150,ПЦР,nan,Микоплазма (Mycoplasma urealiticum) ПЦР,лаборатория,B09.818.020,Mycoplasma urealiticum; Микоплазма ПЦР
1151,ПЦР,nan,Микоплазма (Mycoplasma genitalium) ПЦР,лаборатория,B09.852.020,Mycoplasma genitalium; Микоплазма ПЦР
1152,ПЦР,nan,Гонорея (Neisseria gonorrhea) ПЦР,лаборатория,B09.819.020,Neisseria gonorrhea; Гонорея ПЦР
1153,ПЦР,nan,Гепатит C качественное ПЦР,лаборатория,B09.820.020,
1154,ПЦР,nan,Токсоплазмоз (Toxoplasma gondii) качественное ПЦР,лаборатория,B09.821.020,Toxoplasma gondii; Токсоплазмоз качественное ПЦР
1155,ПЦР,nan,Токсоплазмоз (Toxoplasma gondii) количественное ПЦР,лаборатория,B09.822.020,Toxoplasma gondii; Токсоплазмоз количественное ПЦР
1156,ПЦР,nan,Сифилис (Treponema pallidum) ПЦР,лаборатория,B09.823.020,Treponema pallidum; Сифилис ПЦР
1157,ПЦР,nan,Трихомониаз (Trichomonas vaginalis) ПЦР,лаборатория,B09.824.020,Trichomonas vaginalis; Трихомониаз ПЦР
1158,ПЦР,nan,Уреаплазма (Ureaplasma urealyticum) ПЦР,лаборатория,B09.825.020,Ureaplasma urealyticum; Уреаплазма ПЦР
1159,ПЦР,nan,Аренавирус ПЦР,лаборатория,B09.826.020,
1160,ПЦР,nan,"ВПГ 1,2 качественное ПЦР",лаборатория,B09.827.020,
1161,ПЦР,nan,"ВПГ 1,2 количественное ПЦР",лаборатория,B09.828.020,
1162,ПЦР,nan,Гепатит A ПЦР,лаборатория,B09.829.020,
1163,ПЦР,nan,Гепатит D ПЦР,лаборатория,B09.830.020,
1164,ПЦР,nan,Гепатит E ПЦР,лаборатория,B09.831.020,
1165,ПЦР,nan,Гепатит G ПЦР,лаборатория,B09.832.020,
1166,ПЦР,nan,ВПГ-III ПЦР,лаборатория,B09.833.020,
1167,ПЦР,nan,ВИЧ ПЦР,лаборатория,B09.834.020,
1168,ПЦР,nan,Корь ПЦР,лаборатория,B09.835.020,
1169,ПЦР,nan,ВПЧ количественное ПЦР,лаборатория,B09.836.020,
1170,ПЦР,nan,ВПЧ качественное ПЦР,лаборатория,B09.837.020,
1171,ПЦР,nan,ВПЧ генотип ПЦР,лаборатория,B09.851.020,
1172,ПЦР,nan,ВПГ-VI ПЦР,лаборатория,B09.838.020,
1173,ПЦР,nan,Эпштейн-Барра (ВПГ-IV) качественное ПЦР,лаборатория,B09.839.020,ВПГ-IV; Эпштейн-Барра качественное ПЦР
1174,ПЦР,nan,Эпштейн-Барра (ВПГ-IV) количественное ПЦР,лаборатория,B09.840.020,ВПГ-IV; Эпштейн-Барра количественное ПЦР
1175,ПЦР,nan,Гепатит B качественное ПЦР,лаборатория,B09.841.020,
1176,ПЦР,nan,Парвовирус ПЦР,лаборатория,B09.842.020,
1177,ПЦР,nan,Риновирус ПЦР,лаборатория,B09.843.020,
1178,ПЦР,nan,Т-лимфотропный вирус ПЦР,лаборатория,B09.844.020,
1179,ПЦР,nan,Филовирус ПЦР,лаборатория,B09.845.020,
1180,ПЦР,nan,ЦМВ ВПГ-V качественное ПЦР,лаборатория,B09.846.020,
1181,ПЦР,nan,ЦМВ ВПГ-V количественное ПЦР,лаборатория,B09.847.020,
1182,ПЦР,nan,Энтеровирус ПЦР,лаборатория,B09.848.020,
1183,ПЦР,nan,Краснуха ПЦР,лаборатория,B09.849.020,
1184,ПЦР,nan,Гепатит B количественное,лаборатория,B09.675.020,
1185,ПЦР,nan,Гепатит C количественное,лаборатория,B09.676.020,
1186,ПЦР,nan,Гепатит C генотип,лаборатория,B09.472.020,
1187,ПЦР,nan,ВИЧ 1 провирусная ДНК качественное ПЦР,лаборатория,B09.859.020,
1188,ПЦР,nan,ВИЧ 1 РНК количественное ПЦР,лаборатория,B09.858.020,
1189,ПЦР,nan,Мутация BRAF ПЦР,лаборатория,B09.860.020,
1190,ПЦР,nan,Мутация KRAS ПЦР,лаборатория,B09.861.020,
1191,ПЦР,nan,Мутация EGFR ПЦР,лаборатория,B09.862.020,
1192,ПЦР,nan,COVID-19 ПЦР,лаборатория,В09.863.020,
1193,ПЦР,nan,Коклюш ПЦР,лаборатория,B09.850.020,
1194,Семейный врач,1194.0,Прием семейного врача,приём врача,A01.003.000,
1195,Семейный врач,1195.0,Миниконсультация,приём врача,A01.003.000,
1196,Скорая помощь и транспортировка,1196.0,Выезд бригады скорой помощи Ассистанса,процедура,,
1197,Скорая помощь и транспортировка,1197.0,Вызов 103,процедура,,
1198,Скорая помощь и транспортировка,1198.0,Дежурство СМП,процедура,,
1199,Скорая помощь и транспортировка,1199.0,Транспортные услуги,процедура,,
1200,Стационарное лечение,1200.0,Плановое стационарное лечение,процедура,,
1201,Стационарное лечение,1201.0,Экстренное стационарное лечение,процедура,,
1202,Дневной стационар,1202.0,Дневной стационар,процедура,,
1203,Вакцинация,1203.0,Вакцинация от гриппа,процедура,,
1204,Профосмотр,1204.0,Регулярный осмотр,приём врача,,
1205,Профосмотр,1205.0,Дополнительная профилактическая консультация маммолога,приём врача,,
1206,Профосмотр,1206.0,Дополнительная профилактическая консультация гинеколога,приём врача,,
1207,Профосмотр,1207.0,Скрининг обследование на раннюю диагностику рака – i-finder,процедура,,
1208,Беременность и роды,1209.0,Роды,процедура,,
1209,Санаторно-курортное лечение,1210.0,Санаторно-курортное лечение,процедура,,
1210,Услуги зарубежом,1211.0,Консультирование и подбор лечения в зарубежной клинике,процедура,,
1211,Услуги зарубежом,1212.0,Репатриация,процедура,,
1212,Услуги зарубежом,1213.0,Профилактический Осмотр (Оффшор),приём врача,,Оффшор; Профилактический Осмотр
1213,Услуги зарубежом,1214.0,Медстрахование выезжающего зарубеж,процедура,,
1214,Медикаменты,1215.0,Медикаменты,процедура,,
1215,Семейный врач,1216.0,Экспертиза трудоспособности,приём врача,,
1216,Терапевт,1217.0,Оценка социального статуса семьи пациента,приём врача,,
1217,Педиатр,1218.0,Составление плана оздоровления пациента,процедура,,
1218,Фельдшер,1219.0,Прием фельшера,приём врача,,
1219,Фельдшер,1220.0,Доврачебный осмотр в смотровом кабинете. Фельдшер,приём врача,,
1220,Фельдшер,1221.0,Оказание неотложной медицинской помощи,процедура,,
1221,Медсестра,1222.0,Доврачебный осмотр в смотровом кабинете. Медсестра,приём врача,,
1222,Медсестра,1223.0,Оказание неотложной медицинской помощи. Медсестра,процедура,,
1223,Медсестра,1224.0,Прием медсестры с высшим образованием,приём врача,,
1224,Медсестра,1227.0,"Консультация по телефону ""Горячей линии""",приём врача,,
1225,Акушерка,1225.0,Доврачебный осмотр в смотровом кабинете. Акушерка,приём врача,,
1226,Акушерка,1226.0,Прием акушерки,приём врача,,
1227,Акушерка,1228.0,Забор мазка на онкоцитологию,процедура,,
1228,Медсестра,1229.0,Забор материала на микробиологическое исследование,процедура,,
1229,Семейный врач,1230.0,Динамометрия,приём врача,,
1230,Семейный врач,1231.0,Пульсоксиметрия,приём врача,,
